SOLDIER_ID,LAST_NAME,FIRST_NAME,GENDER,AGE,HOME_STATE,RANK,PAY_GRADE,MOS_CODE,MOS_TITLE,MOS_BRANCH,BRIGADE,BATTALION,COMPANY,PLATOON,ENLISTMENT_DATE,YEARS_OF_SERVICE,STATUS,DEPLOYMENT,THEATER,DEPLOY_MONTHS,COMBAT_TOURS,BASE_PAY_USD,BAH_USD,BAS_USD,TOTAL_MONTHLY_PAY_USD,ACFT_TOTAL_SCORE,ACFT_STATUS,RUN_TIME_MIN,PUSHUPS_COUNT,SITUPS_COUNT,WEAPON,WEAPON_SCORE,WEAPON_QUALIFICATION,EDUCATION,SECURITY_CLEARANCE,AIRBORNE_QUALIFIED,AIR_ASSAULT_QUALIFIED,RANGER_TAB,VEHICLE_QUALIFIED,AWARD_1,AWARD_2,EVAL_RATING,LAST_PROMOTION_DATE,INJURY_STATUS,REENLIST_ELIGIBLE,DAYS_UNTIL_ETS,ETS_STATUS
US-0001,Anderson,James,M,40,CO,MSG,E8,13F,Fire Support Specialist,Combat Support,2nd BCT,2-4 AVN,Alpha,HQ PLT,2006-12-14,17.5,Deployed,Peacetime,CONUS,0,0,4739,0,422,5161,548,PASS,12.8,33,44,M4 Carbine,33,SHARPSHOOTER,AA Degree,TS/SCI,NO,YES,NO,None,Combat Medic Badge,None,Outstanding,2023-02-15,Medical Hold,YES,878,Retained
US-0002,Harris,DeShawn,M,30,PA,CPL,E4,35F,Intelligence Analyst,Intelligence,3rd BCT,21st BSB,Charlie,1st PLT,2021-05-14,3,Attached,KFOR,Kosovo,3,0,2504,0,422,2926,475,PASS,17.2,73,70,M249 SAW,38,EXPERT,BA/BS Degree,Top Secret,YES,YES,YES,None,Army Achievement Medal,None,Qualified,2022-12-29,Medical Hold,YES,358,Retained
US-0003,Young,DeShawn,M,22,PA,SSG,E6,88M,Motor Transport Operator,Logistics,DISCOM,1-41 IN,Bravo,4th PLT,2013-07-06,10.9,Deployed,OIR,Iraq/Syria,7,1,2980,0,422,3402,495,PASS,14.4,22,50,M240B,18,MARKSMAN,Some College,TS/SCI,NO,NO,NO,LMTV,Combat Medic Badge,Airborne Badge,Needs Improvement,2018-11-23,Profile,YES,1254,Retained
US-0004,Thompson,Tanya,F,31,NC,SGT,E5,88M,Motor Transport Operator,Logistics,CAB,2-5 CAV,Foxtrot,1st PLT,2007-06-18,17,Leave,OEF,Afghanistan,5,0,2730,2193,422,5345,595,PASS,17.6,44,54,M9 Pistol,32,SHARPSHOOTER,BA/BS Degree,Top Secret,NO,YES,NO,FMTV,Bronze Star Medal,Army Commendation Medal,Highly Qualified,2012-11-27,Fit for Duty,YES,1550,Retained
US-0005,King,Tyler,M,22,AL,SGM,E9,25B,IT Specialist,Signal,DISCOM,15th BSB,HHC,2nd PLT,2008-06-06,16,Active Duty,OIR,Iraq/Syria,5,0,5473,0,422,5895,347,FAIL,17.6,51,31,M240B,25,MARKSMAN,MA/MS Degree,TS/SCI,YES,NO,NO,None,Combat Medic Badge,None,Highly Qualified,2021-08-09,Profile,YES,1233,Retained
US-0006,Taylor,Michael,M,25,PA,CPT,O3,15T,UH-60 Helicopter Repairer,Aviation,DISCOM,1-82 FA,Delta,HQ PLT,2015-02-16,9.3,Active Duty,OIF,Iraq,7,1,4836,0,266,5102,407,PASS,15.4,57,65,M249 SAW,16,MARKSMAN,BA/BS Degree,None,NO,YES,NO,FMTV,Army Achievement Medal,Army Commendation Medal,Qualified,2024-11-23,Profile,YES,1436,Retained
US-0007,Clark,Ryan,M,32,KY,SFC,E7,11C,Indirect Fire Infantry,Combat,1st BCT,1-4 AVN,Delta,3rd PLT,2014-07-02,9.9,Deployed,KFOR,Kosovo,14,2,3294,0,422,3716,345,FAIL,13,66,51,M249 SAW,22,MARKSMAN,HS Diploma,Top Secret,NO,YES,YES,LMTV,Combat Medic Badge,Combat Infantry Badge,Outstanding,2023-05-18,Fit for Duty,YES,-440,ETS Eligible
US-0008,Garcia,Kevin,M,36,KY,MAJ,O4,68W,Combat Medic,Medical,CAB,1-41 IN,Foxtrot,4th PLT,2006-04-26,18.1,Deployed,OEF,Afghanistan,12,2,5696,804,266,6766,522,PASS,14.8,70,80,M240B,29,MARKSMAN,HS Diploma,Secret,NO,YES,YES,None,None,None,Outstanding,2019-02-07,Medical Hold,YES,1452,Retained
US-0009,Walker,Marcus,M,30,NY,SPC,E3,25B,IT Specialist,Signal,2nd BCT,2-5 CAV,HHC,1st PLT,2020-02-23,4.3,TDY,NTC Rotation,Fort Irwin,0,0,2259,1281,422,3962,416,PASS,13.5,76,66,M4 Carbine,35,SHARPSHOOTER,AA Degree,Secret,NO,YES,NO,None,Army Achievement Medal,None,Needs Improvement,2024-03-19,Limited Duty,YES,-203,ETS Eligible
US-0010,Young,Carlos,M,22,PA,CPL,E4,11C,Indirect Fire Infantry,Combat,DIVARTY,1-41 IN,HHC,3rd PLT,2007-12-22,16.4,Deployed,OIR,Iraq/Syria,2,0,2504,1300,422,4226,444,PASS,14.9,48,64,M4 Carbine,37,EXPERT,AA Degree,Top Secret,YES,YES,NO,M2A3 Bradley,Air Assault Badge,None,Highly Qualified,2022-06-02,Profile,YES,581,Retained
US-0011,Williams,Brianna,F,22,CO,SPC,E3,15T,UH-60 Helicopter Repairer,Aviation,CAB,2-12 IN,Alpha,1st PLT,2012-06-25,11.9,Transition,NTC Rotation,Fort Irwin,0,0,2259,1067,422,3748,508,PASS,13.9,48,65,M4 Carbine,19,MARKSMAN,Some College,None,NO,NO,NO,None,Army Achievement Medal,None,Qualified,2012-11-22,Fit for Duty,YES,965,Retained
US-0012,Wright,Kevin,M,25,OH,CPL,E4,35F,Intelligence Analyst,Intelligence,DIVARTY,3-16 FA,HHC,2nd PLT,2010-04-24,14.1,Attached,NTC Rotation,Fort Irwin,0,0,2504,0,422,2926,460,PASS,20,21,41,M9 Pistol,37,EXPERT,BA/BS Degree,None,NO,YES,NO,None,None,Bronze Star Medal,Qualified,2015-02-08,Medical Hold,YES,413,Retained
US-0013,Harris,Michael,M,26,CA,2LT,O1,25U,Signal Support Specialist,Signal,1st BCT,2-12 IN,Charlie,HQ PLT,2013-12-19,10.5,Medical Hold,JRTC Rotation,Fort Johnson,0,0,3637,1898,266,5801,381,PASS,20.5,27,46,M240B,17,MARKSMAN,BA/BS Degree,None,NO,NO,NO,LMTV,Army Achievement Medal,Purple Heart,Needs Improvement,2017-06-03,Fit for Duty,YES,991,Retained
US-0014,Wright,Monique,F,27,VA,2LT,O1,92A,Automated Logistical Specialist,Logistics,3rd BCT,1-4 AVN,Foxtrot,1st PLT,2021-02-22,3.3,Transition,OIR,Iraq/Syria,9,1,3637,2165,266,6068,573,PASS,15.3,64,48,M249 SAW,22,MARKSMAN,Some College,Top Secret,NO,NO,YES,LMTV,Meritorious Service Medal,Meritorious Service Medal,Qualified,2024-09-02,Limited Duty,YES,819,Retained
US-0015,Lewis,Danielle,F,32,CO,SFC,E7,88M,Motor Transport Operator,Logistics,CAB,2-4 AVN,Bravo,1st PLT,2011-05-14,13.1,Active Duty,Peacetime,CONUS,0,0,3294,2159,422,5875,410,PASS,13.3,80,78,M240B,23,MARKSMAN,MA/MS Degree,Secret,NO,NO,YES,HMMWV,None,None,Highly Qualified,2022-02-01,Profile,YES,1136,Retained
US-0016,King,Luis,M,23,AL,PVT,E1,94F,Special Electronic Devices Repairer,Maintenance,1st BCT,3-16 FA,Bravo,2nd PLT,2020-08-10,3.8,Attached,Peacetime,CONUS,0,0,1917,0,422,2339,523,PASS,17.2,78,37,M249 SAW,30,SHARPSHOOTER,BA/BS Degree,TS/SCI,NO,NO,NO,FMTV,None,Air Assault Badge,Needs Improvement,2021-07-21,Medical Hold,YES,1635,Retained
US-0017,Thompson,Lauren,F,42,IN,1SG,E8,68W,Combat Medic,Medical,1st BCT,2-4 AVN,Charlie,2nd PLT,2011-02-04,13.3,Medical Hold,OIR,Iraq/Syria,10,1,4739,0,422,5161,368,PASS,13.7,34,54,M249 SAW,18,MARKSMAN,HS Diploma,None,NO,NO,NO,M1126 Stryker,Meritorious Service Medal,None,Outstanding,2017-09-12,Limited Duty,YES,1097,Retained
US-0018,Hall,Crystal,F,19,PA,MSG,E8,68W,Combat Medic,Medical,2nd BCT,2-12 IN,Delta,4th PLT,2005-08-26,18.8,Leave,KFOR,Kosovo,10,1,4739,2169,422,7330,355,FAIL,18.7,73,59,M4 Carbine,28,MARKSMAN,BA/BS Degree,TS/SCI,NO,NO,NO,None,Airborne Badge,Army Commendation Medal,Highly Qualified,2012-05-01,Medical Hold,YES,882,Retained
US-0019,Clark,Brianna,F,42,TN,1SG,E8,25B,IT Specialist,Signal,1st BCT,87th BSB,Alpha,HQ PLT,2006-03-03,18.2,Medical Hold,OIR,Iraq/Syria,7,1,4739,0,422,5161,305,FAIL,19.1,61,32,M249 SAW,22,MARKSMAN,Some College,None,NO,NO,NO,M2A3 Bradley,Army Commendation Medal,Combat Medic Badge,Qualified,2012-12-23,Fit for Duty,YES,-58,ETS Eligible
US-0020,Allen,Derek,M,18,CO,CPT,O3,42A,Human Resources Specialist,Admin,DISCOM,1-41 IN,Alpha,HQ PLT,2020-06-28,3.9,Leave,NTC Rotation,Fort Irwin,0,0,4836,0,266,5102,597,PASS,13.4,69,49,M4 Carbine,34,SHARPSHOOTER,BA/BS Degree,Top Secret,YES,NO,NO,M1126 Stryker,None,None,Outstanding,2023-07-25,Fit for Duty,YES,1383,Retained
US-0021,Garcia,Elijah,M,33,OH,1SG,E8,92A,Automated Logistical Specialist,Logistics,DIVARTY,87th BSB,Delta,4th PLT,2021-05-25,3,TDY,Peacetime,CONUS,0,0,4739,1349,422,6510,432,PASS,19.7,73,35,M9 Pistol,23,MARKSMAN,AA Degree,None,NO,NO,NO,None,None,None,Outstanding,2024-05-05,Medical Hold,YES,631,Retained
US-0022,Martinez,Michael,M,26,VA,MSG,E8,19D,Cavalry Scout,Combat,CAB,87th BSB,HHC,2nd PLT,2020-06-28,3.9,Medical Hold,KFOR,Kosovo,15,2,4739,0,422,5161,414,PASS,13.3,34,55,M240B,37,EXPERT,AA Degree,Top Secret,NO,NO,NO,None,Airborne Badge,None,Needs Improvement,2021-01-29,Profile,YES,792,Retained
US-0023,Wilson,Aaron,M,40,NY,SFC,E7,19D,Cavalry Scout,Combat,CAB,2-12 IN,Echo,HQ PLT,2022-01-19,2.4,TDY,Peacetime,CONUS,0,0,3294,2022,422,5738,441,PASS,20.8,73,42,M249 SAW,27,MARKSMAN,BA/BS Degree,None,YES,NO,NO,LMTV,Combat Infantry Badge,None,Qualified,2023-08-06,Fit for Duty,YES,1422,Retained
US-0024,Moore,Danielle,F,45,IN,SSG,E6,11B,Infantry,Combat,3rd BCT,87th BSB,Alpha,1st PLT,2013-12-27,10.4,Attached,KFOR,Kosovo,2,0,2980,0,422,3402,445,PASS,13.8,71,66,M4 Carbine,23,MARKSMAN,BA/BS Degree,TS/SCI,NO,NO,NO,M1A2 Abrams,Army Achievement Medal,Meritorious Service Medal,Qualified,2015-03-24,Medical Hold,YES,351,Retained
US-0025,Wright,Brandon,M,25,NY,SPC,E3,12B,Combat Engineer,Combat Support,2nd BCT,3-66 AR,HHC,1st PLT,2008-07-06,15.9,Attached,OIF,Iraq,13,2,2259,1722,422,4403,434,PASS,15,34,48,M9 Pistol,18,MARKSMAN,AA Degree,Secret,NO,YES,NO,None,None,None,Needs Improvement,2011-09-21,Profile,YES,759,Retained
US-0026,Brown,Carlos,M,34,MO,LTC,O5,19D,Cavalry Scout,Combat,3rd BCT,2-4 AVN,Delta,3rd PLT,2016-03-23,8.2,Attached,Peacetime,CONUS,0,0,6618,1811,266,8695,455,PASS,13.2,22,57,M240B,16,MARKSMAN,AA Degree,Top Secret,YES,YES,NO,HMMWV,Army Achievement Medal,None,Highly Qualified,2023-02-13,Profile,YES,1514,Retained
US-0027,Jackson,Ryan,M,24,SC,MAJ,O4,35F,Intelligence Analyst,Intelligence,3rd BCT,1-4 AVN,Alpha,2nd PLT,2012-05-25,12,Attached,KFOR,Kosovo,15,2,5696,1390,266,7352,522,PASS,19.4,55,32,M4 Carbine,26,MARKSMAN,AA Degree,None,NO,NO,YES,M1A2 Abrams,Bronze Star Medal,None,Outstanding,2016-07-25,Limited Duty,YES,593,Retained
US-0028,Lewis,Derek,M,25,MO,COL,O6,11C,Indirect Fire Infantry,Combat,1st BCT,1-4 AVN,HHC,2nd PLT,2020-12-02,3.5,Transition,OEF,Afghanistan,9,1,7668,0,266,7934,348,FAIL,17.2,25,44,M9 Pistol,19,MARKSMAN,MA/MS Degree,Top Secret,NO,NO,NO,None,None,Expert Infantryman Badge,Needs Improvement,2023-05-12,Profile,YES,1581,Retained
US-0029,Anderson,DeShawn,M,25,CO,MAJ,O4,35F,Intelligence Analyst,Intelligence,DIVARTY,2-12 IN,Foxtrot,1st PLT,2011-05-07,13.1,TDY,JRTC Rotation,Fort Johnson,0,0,5696,1411,266,7373,537,PASS,19.9,48,64,M240B,26,MARKSMAN,HS Diploma,Secret,NO,NO,NO,FMTV,Air Assault Badge,Meritorious Service Medal,Outstanding,2019-07-21,Medical Hold,YES,1081,Retained
US-0030,Williams,Ryan,M,45,KY,SGT,E5,88M,Motor Transport Operator,Logistics,DIVARTY,1-82 FA,Foxtrot,1st PLT,2014-11-16,9.5,Attached,OIF,Iraq,14,2,2730,0,422,3152,328,FAIL,16,61,39,M9 Pistol,24,MARKSMAN,HS Diploma,Top Secret,NO,NO,NO,None,Purple Heart,Meritorious Service Medal,Highly Qualified,2021-09-04,Fit for Duty,YES,677,Retained
US-0031,Clark,DeShawn,M,37,AZ,CPL,E4,31B,Military Police,Law Enforcement,DISCOM,2-4 AVN,Foxtrot,1st PLT,2014-12-14,9.5,Transition,OEF,Afghanistan,9,1,2504,0,422,2926,473,PASS,15.3,23,48,M240B,29,MARKSMAN,MA/MS Degree,Secret,NO,YES,YES,LMTV,Combat Infantry Badge,None,Outstanding,2015-08-10,Profile,YES,451,Retained
US-0032,Anderson,Lauren,F,30,IN,LTC,O5,25U,Signal Support Specialist,Signal,DISCOM,1-8 CAV,Foxtrot,4th PLT,2011-06-15,13,Deployed,JRTC Rotation,Fort Johnson,0,0,6618,0,266,6884,590,PASS,13.1,80,52,M240B,36,EXPERT,AA Degree,TS/SCI,NO,YES,NO,M1126 Stryker,Meritorious Service Medal,Expert Infantryman Badge,Needs Improvement,2011-06-29,Medical Hold,YES,1121,Retained
US-0033,Allen,James,M,41,NY,PFC,E2,94F,Special Electronic Devices Repairer,Maintenance,DIVARTY,2-4 AVN,Delta,3rd PLT,2022-05-26,2,TDY,NTC Rotation,Fort Irwin,0,0,2149,1271,422,3842,418,PASS,14.4,32,69,M249 SAW,36,EXPERT,HS Diploma,TS/SCI,YES,NO,NO,None,Army Achievement Medal,None,Highly Qualified,2024-04-30,Medical Hold,YES,219,Retained
US-0034,Hall,Luis,M,26,KY,1LT,O2,88M,Motor Transport Operator,Logistics,DIVARTY,2-12 IN,Foxtrot,2nd PLT,2010-10-07,13.7,Attached,NTC Rotation,Fort Irwin,0,0,4188,1786,266,6240,529,PASS,18.8,41,37,M4 Carbine,20,MARKSMAN,HS Diploma,Top Secret,YES,NO,YES,None,None,None,Outstanding,2015-11-18,Limited Duty,YES,1060,Retained
US-0035,Wright,Tyler,M,30,MO,MSG,E8,68W,Combat Medic,Medical,1st BCT,21st BSB,HHC,3rd PLT,2018-09-07,5.7,Active Duty,OEF,Afghanistan,2,0,4739,2101,422,7262,499,PASS,20.2,39,71,M4 Carbine,20,MARKSMAN,AA Degree,None,NO,NO,NO,FMTV,Army Commendation Medal,Bronze Star Medal,Outstanding,2019-09-25,Limited Duty,YES,1199,Retained
US-0036,Young,Ryan,M,38,MI,MAJ,O4,25U,Signal Support Specialist,Signal,1st BCT,2-4 AVN,Charlie,2nd PLT,2014-12-12,9.5,Attached,KFOR,Kosovo,7,1,5696,0,266,5962,473,PASS,20.8,43,64,M4 Carbine,28,MARKSMAN,HS Diploma,TS/SCI,YES,NO,NO,M2A3 Bradley,Bronze Star Medal,None,Highly Qualified,2015-05-31,Fit for Duty,YES,340,Retained
US-0037,Allen,Michael,M,18,NC,SFC,E7,25B,IT Specialist,Signal,2nd BCT,1-82 FA,Foxtrot,2nd PLT,2022-09-09,1.7,Active Duty,Peacetime,CONUS,0,0,3294,805,422,4521,566,PASS,19.8,29,38,M240B,21,MARKSMAN,AA Degree,Top Secret,NO,NO,NO,None,Army Achievement Medal,Army Commendation Medal,Qualified,2024-05-12,Fit for Duty,NO,1654,Retained
US-0038,Robinson,DeShawn,M,33,MO,LTC,O5,31B,Military Police,Law Enforcement,3rd BCT,15th BSB,HHC,1st PLT,2015-02-20,9.3,Attached,Peacetime,CONUS,0,0,6618,0,266,6884,556,PASS,18.7,78,72,M240B,30,SHARPSHOOTER,HS Diploma,TS/SCI,NO,NO,YES,None,None,Army Commendation Medal,Outstanding,2016-08-30,Fit for Duty,YES,-231,ETS Eligible
US-0039,Young,Brandon,M,28,CO,2LT,O1,42A,Human Resources Specialist,Admin,DIVARTY,15th BSB,Charlie,4th PLT,2016-05-04,8.1,Attached,Peacetime,CONUS,0,0,3637,0,266,3903,572,PASS,19.2,27,71,M249 SAW,29,MARKSMAN,AA Degree,TS/SCI,NO,NO,YES,None,Expert Infantryman Badge,Meritorious Service Medal,Needs Improvement,2017-09-17,Medical Hold,YES,1442,Retained
US-0040,Martinez,DeShawn,M,25,GA,SPC,E3,42A,Human Resources Specialist,Admin,1st BCT,2-4 AVN,Echo,3rd PLT,2007-12-02,16.5,Transition,Peacetime,CONUS,0,0,2259,922,422,3603,506,PASS,18.2,46,52,M4 Carbine,25,MARKSMAN,AA Degree,Secret,NO,NO,NO,None,Airborne Badge,None,Highly Qualified,2013-04-01,Medical Hold,YES,426,Retained
US-0041,Hall,Nicole,F,28,NC,PVT,E1,92A,Automated Logistical Specialist,Logistics,DISCOM,2-4 AVN,Charlie,1st PLT,2009-01-17,15.4,Leave,OIR,Iraq/Syria,9,1,1917,1495,422,3834,579,PASS,12.6,75,39,M9 Pistol,18,MARKSMAN,AA Degree,Secret,NO,NO,NO,LMTV,Combat Infantry Badge,Army Commendation Medal,Highly Qualified,2022-05-17,Medical Hold,YES,-153,ETS Eligible
US-0042,Garcia,Luis,M,37,CA,PFC,E2,15T,UH-60 Helicopter Repairer,Aviation,1st BCT,2-12 IN,Delta,4th PLT,2015-11-23,8.5,Transition,Peacetime,CONUS,0,0,2149,1705,422,4276,348,FAIL,14.8,68,62,M240B,29,MARKSMAN,HS Diploma,Top Secret,YES,YES,NO,None,Army Achievement Medal,None,Outstanding,2017-05-15,Profile,YES,62,ETS Eligible
US-0043,Moore,Derek,M,30,TX,CPL,E4,11B,Infantry,Combat,CAB,2-4 AVN,Delta,2nd PLT,2007-11-25,16.5,Transition,KFOR,Kosovo,7,1,2504,1824,422,4750,311,FAIL,13.1,75,77,M9 Pistol,16,MARKSMAN,AA Degree,TS/SCI,NO,NO,YES,LMTV,Expert Infantryman Badge,Purple Heart,Outstanding,2017-04-27,Profile,YES,982,Retained
US-0044,Brown,Elijah,M,26,OH,MSG,E8,42A,Human Resources Specialist,Admin,DIVARTY,3-16 FA,HHC,1st PLT,2013-11-17,10.5,TDY,NTC Rotation,Fort Irwin,0,0,4739,1435,422,6596,329,FAIL,14.4,69,40,M4 Carbine,32,SHARPSHOOTER,Some College,Secret,NO,YES,NO,FMTV,Air Assault Badge,None,Needs Improvement,2014-09-10,Profile,YES,225,Retained
US-0045,Allen,Danielle,F,29,VA,LTC,O5,15T,UH-60 Helicopter Repairer,Aviation,DIVARTY,1-4 AVN,Echo,HQ PLT,2012-04-01,12.2,TDY,NTC Rotation,Fort Irwin,0,0,6618,2084,266,8968,516,PASS,13.8,24,60,M240B,24,MARKSMAN,HS Diploma,TS/SCI,NO,YES,YES,LMTV,Airborne Badge,None,Highly Qualified,2020-08-15,Fit for Duty,YES,1395,Retained
US-0046,Allen,Carlos,M,39,MI,SFC,E7,35F,Intelligence Analyst,Intelligence,DIVARTY,87th BSB,HHC,2nd PLT,2006-05-22,18,TDY,KFOR,Kosovo,3,0,3294,0,422,3716,416,PASS,16.8,31,32,M9 Pistol,30,SHARPSHOOTER,HS Diploma,Top Secret,NO,NO,NO,None,Air Assault Badge,Combat Infantry Badge,Needs Improvement,2008-02-14,Medical Hold,YES,1785,Retained
US-0047,Anderson,Brianna,F,27,NC,SGT,E5,35F,Intelligence Analyst,Intelligence,1st BCT,21st BSB,Echo,2nd PLT,2012-11-05,11.6,Leave,OIR,Iraq/Syria,12,2,2730,0,422,3152,458,PASS,15.1,44,71,M249 SAW,37,EXPERT,Some College,TS/SCI,NO,YES,NO,HMMWV,None,None,Highly Qualified,2016-04-21,Medical Hold,YES,427,Retained
US-0048,Martinez,Luis,M,39,IL,SGM,E9,25B,IT Specialist,Signal,1st BCT,15th BSB,Foxtrot,HQ PLT,2021-07-26,2.9,Leave,Peacetime,CONUS,0,0,5473,877,422,6772,595,PASS,19.9,59,38,M9 Pistol,20,MARKSMAN,BA/BS Degree,TS/SCI,YES,NO,NO,HMMWV,Combat Infantry Badge,None,Qualified,2022-04-25,Medical Hold,YES,1687,Retained
US-0049,Robinson,Derek,M,26,MO,SFC,E7,35F,Intelligence Analyst,Intelligence,DISCOM,21st BSB,Delta,4th PLT,2022-04-05,2.2,Leave,OIR,Iraq/Syria,12,2,3294,1829,422,5545,599,PASS,20.7,72,42,M249 SAW,24,MARKSMAN,MA/MS Degree,None,NO,YES,NO,M1A2 Abrams,Army Commendation Medal,Purple Heart,Highly Qualified,2023-03-31,Profile,YES,1347,Retained
US-0050,Clark,James,M,18,FL,PFC,E2,42A,Human Resources Specialist,Admin,DIVARTY,1-82 FA,Bravo,4th PLT,2006-10-31,17.6,Leave,OIR,Iraq/Syria,7,1,2149,857,422,3428,461,PASS,20.4,73,75,M249 SAW,20,MARKSMAN,HS Diploma,Secret,NO,NO,NO,None,Army Commendation Medal,None,Outstanding,2009-05-09,Medical Hold,YES,1747,Retained
US-0051,Taylor,Monique,F,25,IN,MSG,E8,25U,Signal Support Specialist,Signal,1st BCT,1-8 CAV,Bravo,4th PLT,2019-05-02,5.1,TDY,NTC Rotation,Fort Irwin,0,0,4739,2075,422,7236,595,PASS,13,73,61,M4 Carbine,36,EXPERT,BA/BS Degree,TS/SCI,YES,NO,NO,M1A2 Abrams,Air Assault Badge,None,Qualified,2024-11-14,Profile,YES,977,Retained
US-0052,Harris,James,M,38,NC,COL,O6,11B,Infantry,Combat,DISCOM,3-16 FA,Charlie,3rd PLT,2021-10-06,2.7,Attached,OIF,Iraq,11,1,7668,938,266,8872,343,FAIL,14.5,62,70,M240B,20,MARKSMAN,Some College,Secret,NO,NO,NO,HMMWV,Army Commendation Medal,None,Needs Improvement,2021-03-17,Fit for Duty,YES,701,Retained
US-0053,Wilson,Marcus,M,33,AL,PFC,E2,35F,Intelligence Analyst,Intelligence,3rd BCT,15th BSB,Delta,HQ PLT,2015-08-15,8.8,Leave,OIR,Iraq/Syria,1,0,2149,0,422,2571,314,FAIL,14.9,75,79,M240B,24,MARKSMAN,AA Degree,TS/SCI,NO,NO,NO,FMTV,Army Achievement Medal,Meritorious Service Medal,Outstanding,2019-10-05,Medical Hold,YES,-177,ETS Eligible
US-0054,Garcia,Maria,F,18,NY,SGM,E9,35F,Intelligence Analyst,Intelligence,1st BCT,2-5 CAV,Charlie,3rd PLT,2011-11-16,12.5,Leave,KFOR,Kosovo,13,2,5473,1141,422,7036,470,PASS,15.5,22,76,M9 Pistol,24,MARKSMAN,MA/MS Degree,TS/SCI,NO,NO,NO,None,None,Army Commendation Medal,Highly Qualified,2012-07-04,Limited Duty,YES,466,Retained
US-0055,Harris,Nathan,M,24,MI,PFC,E2,92A,Automated Logistical Specialist,Logistics,2nd BCT,1-4 AVN,Delta,3rd PLT,2013-05-06,11.1,Transition,KFOR,Kosovo,2,0,2149,0,422,2571,432,PASS,17,45,50,M249 SAW,19,MARKSMAN,AA Degree,None,NO,NO,NO,None,Army Commendation Medal,Expert Infantryman Badge,Outstanding,2016-01-17,Limited Duty,YES,-197,ETS Eligible
US-0056,Lewis,Sarah,F,29,KY,SPC,E3,31B,Military Police,Law Enforcement,DISCOM,1-82 FA,Echo,3rd PLT,2020-11-30,3.5,Attached,OIF,Iraq,9,1,2259,0,422,2681,379,PASS,18.6,79,74,M240B,32,SHARPSHOOTER,MA/MS Degree,Secret,NO,NO,YES,LMTV,Combat Medic Badge,None,Qualified,2020-09-22,Medical Hold,YES,-147,ETS Eligible
US-0057,Harris,Derek,M,27,NC,COL,O6,88M,Motor Transport Operator,Logistics,CAB,3-16 FA,Foxtrot,HQ PLT,2006-08-28,17.8,Medical Hold,OEF,Afghanistan,10,1,7668,0,266,7934,466,PASS,16.3,63,63,M249 SAW,40,EXPERT,Some College,None,YES,NO,NO,M2A3 Bradley,Air Assault Badge,Combat Infantry Badge,Qualified,2013-10-05,Medical Hold,YES,1625,Retained
US-0058,Anderson,DeShawn,M,37,TX,SFC,E7,15T,UH-60 Helicopter Repairer,Aviation,DIVARTY,2-12 IN,Bravo,3rd PLT,2018-10-13,5.6,Active Duty,Peacetime,CONUS,0,0,3294,0,422,3716,377,PASS,17.5,57,39,M240B,34,SHARPSHOOTER,BA/BS Degree,Top Secret,NO,NO,NO,M1126 Stryker,Army Commendation Medal,Army Commendation Medal,Highly Qualified,2023-06-02,Medical Hold,YES,503,Retained
US-0059,Lewis,Brianna,F,32,IL,SPC,E3,19D,Cavalry Scout,Combat,1st BCT,3-66 AR,Delta,4th PLT,2015-11-11,8.6,TDY,KFOR,Kosovo,6,1,2259,0,422,2681,466,PASS,15.2,65,50,M9 Pistol,20,MARKSMAN,Some College,Secret,NO,YES,NO,None,None,None,Highly Qualified,2019-04-23,Fit for Duty,YES,1212,Retained
US-0060,Moore,Aaron,M,45,GA,2LT,O1,13F,Fire Support Specialist,Combat Support,2nd BCT,87th BSB,HHC,4th PLT,2016-03-09,8.2,Medical Hold,OIR,Iraq/Syria,15,2,3637,0,266,3903,413,PASS,20.5,52,59,M249 SAW,34,SHARPSHOOTER,BA/BS Degree,TS/SCI,NO,NO,YES,FMTV,Purple Heart,None,Needs Improvement,2020-02-07,Profile,YES,1151,Retained
US-0061,Harris,Marcus,M,34,AZ,PFC,E2,92A,Automated Logistical Specialist,Logistics,DIVARTY,1-41 IN,Charlie,HQ PLT,2011-06-23,12.9,Transition,OIF,Iraq,12,2,2149,1832,422,4403,350,FAIL,19,37,69,M249 SAW,19,MARKSMAN,MA/MS Degree,Top Secret,NO,YES,NO,None,Meritorious Service Medal,None,Needs Improvement,2014-01-27,Fit for Duty,YES,864,Retained
US-0062,Lewis,Crystal,F,27,TX,SGT,E5,92A,Automated Logistical Specialist,Logistics,DIVARTY,3-66 AR,Charlie,HQ PLT,2012-02-23,12.3,TDY,OEF,Afghanistan,12,2,2730,2062,422,5214,562,PASS,17.5,52,62,M9 Pistol,38,EXPERT,MA/MS Degree,Top Secret,YES,NO,NO,None,Airborne Badge,None,Highly Qualified,2024-12-21,Limited Duty,YES,432,Retained
US-0063,Garcia,Ryan,M,39,AL,CPT,O3,12B,Combat Engineer,Combat Support,DISCOM,1-41 IN,Alpha,HQ PLT,2020-09-17,3.7,Leave,OIF,Iraq,6,1,4836,838,266,5940,394,PASS,15.2,29,56,M9 Pistol,32,SHARPSHOOTER,MA/MS Degree,Secret,NO,NO,NO,None,None,Expert Infantryman Badge,Highly Qualified,2020-12-20,Limited Duty,YES,1382,Retained
US-0064,Wright,Nathan,M,42,NY,1SG,E8,92A,Automated Logistical Specialist,Logistics,CAB,1-41 IN,Bravo,3rd PLT,2017-07-08,6.9,TDY,OIR,Iraq/Syria,7,1,4739,1409,422,6570,540,PASS,18.5,64,75,M240B,31,SHARPSHOOTER,AA Degree,None,NO,NO,NO,None,Purple Heart,None,Needs Improvement,2017-11-20,Fit for Duty,YES,918,Retained
US-0065,Anderson,Lauren,F,31,AL,COL,O6,13F,Fire Support Specialist,Combat Support,2nd BCT,15th BSB,Charlie,HQ PLT,2020-08-13,3.8,Active Duty,OIR,Iraq/Syria,4,0,7668,0,266,7934,405,PASS,14.6,62,63,M249 SAW,17,MARKSMAN,BA/BS Degree,Secret,YES,NO,NO,M1126 Stryker,Army Achievement Medal,None,Outstanding,2021-10-19,Profile,YES,669,Retained
US-0066,King,DeShawn,M,32,PA,MSG,E8,88M,Motor Transport Operator,Logistics,DISCOM,2-4 AVN,Foxtrot,1st PLT,2008-12-05,15.5,TDY,KFOR,Kosovo,5,0,4739,874,422,6035,438,PASS,19.2,31,77,M4 Carbine,16,MARKSMAN,Some College,TS/SCI,NO,YES,NO,None,Bronze Star Medal,Army Achievement Medal,Needs Improvement,2024-05-25,Fit for Duty,YES,1379,Retained
US-0067,Johnson,Aaron,M,30,IL,2LT,O1,31B,Military Police,Law Enforcement,3rd BCT,21st BSB,Echo,2nd PLT,2008-12-08,15.5,Medical Hold,Peacetime,CONUS,0,0,3637,2108,266,6011,334,FAIL,19.5,52,50,M9 Pistol,37,EXPERT,BA/BS Degree,Top Secret,NO,YES,NO,M1126 Stryker,Army Achievement Medal,None,Qualified,2021-01-23,Medical Hold,YES,-454,ETS Eligible
US-0068,Thompson,Nathan,M,33,KY,PFC,E2,15T,UH-60 Helicopter Repairer,Aviation,1st BCT,87th BSB,Charlie,2nd PLT,2014-02-04,10.3,Leave,JRTC Rotation,Fort Johnson,0,0,2149,1829,422,4400,478,PASS,18.4,60,48,M249 SAW,23,MARKSMAN,Some College,Top Secret,NO,NO,NO,LMTV,Combat Infantry Badge,None,Outstanding,2023-10-17,Profile,YES,-165,ETS Eligible
US-0069,Jackson,Crystal,F,19,KY,SPC,E3,94F,Special Electronic Devices Repairer,Maintenance,DIVARTY,2-5 CAV,Alpha,HQ PLT,2016-05-03,8.1,Medical Hold,OEF,Afghanistan,4,0,2259,1136,422,3817,395,PASS,19.8,48,37,M9 Pistol,18,MARKSMAN,BA/BS Degree,Secret,NO,NO,NO,HMMWV,Air Assault Badge,None,Highly Qualified,2018-11-08,Medical Hold,YES,-488,ETS Eligible
US-0070,Williams,DeShawn,M,35,AZ,MAJ,O4,35F,Intelligence Analyst,Intelligence,DISCOM,2-5 CAV,HHC,1st PLT,2006-07-20,17.9,Active Duty,KFOR,Kosovo,1,0,5696,1387,266,7349,505,PASS,14,28,79,M240B,28,MARKSMAN,MA/MS Degree,Secret,NO,YES,NO,M2A3 Bradley,Expert Infantryman Badge,Meritorious Service Medal,Outstanding,2024-09-21,Profile,YES,-486,ETS Eligible
US-0071,Lewis,Derek,M,30,MO,MAJ,O4,88M,Motor Transport Operator,Logistics,CAB,1-41 IN,Bravo,4th PLT,2012-10-06,11.7,Medical Hold,OEF,Afghanistan,8,1,5696,0,266,5962,298,FAIL,12.8,62,56,M249 SAW,22,MARKSMAN,Some College,None,NO,NO,YES,M1A2 Abrams,Army Achievement Medal,None,Highly Qualified,2015-02-21,Profile,YES,1563,Retained
US-0072,Allen,Kevin,M,40,CO,2LT,O1,92A,Automated Logistical Specialist,Logistics,DIVARTY,1-4 AVN,Foxtrot,3rd PLT,2010-04-25,14.1,Active Duty,OIR,Iraq/Syria,4,0,3637,0,266,3903,575,PASS,16,37,33,M249 SAW,36,EXPERT,BA/BS Degree,Top Secret,NO,NO,NO,None,None,None,Outstanding,2014-02-15,Profile,YES,1703,Retained
US-0073,Thompson,Jessica,F,39,MI,SGM,E9,25B,IT Specialist,Signal,DISCOM,3-66 AR,Foxtrot,4th PLT,2006-04-18,18.1,Active Duty,Peacetime,CONUS,0,0,5473,1645,422,7540,414,PASS,17.2,28,54,M240B,22,MARKSMAN,MA/MS Degree,Secret,YES,NO,NO,M2A3 Bradley,Purple Heart,Expert Infantryman Badge,Needs Improvement,2024-01-18,Fit for Duty,YES,1789,Retained
US-0074,Wilson,Ryan,M,34,AL,2LT,O1,25U,Signal Support Specialist,Signal,1st BCT,1-41 IN,Bravo,1st PLT,2021-10-02,2.7,Transition,NTC Rotation,Fort Irwin,0,0,3637,0,266,3903,493,PASS,18.4,65,43,M249 SAW,33,SHARPSHOOTER,BA/BS Degree,Top Secret,NO,NO,NO,FMTV,Purple Heart,Meritorious Service Medal,Outstanding,2023-08-20,Fit for Duty,YES,811,Retained
US-0075,Moore,Nathan,M,41,TN,MAJ,O4,11B,Infantry,Combat,DIVARTY,1-41 IN,Echo,2nd PLT,2005-05-13,19.1,TDY,OIR,Iraq/Syria,13,2,5696,0,266,5962,581,PASS,14.2,34,54,M249 SAW,31,SHARPSHOOTER,Some College,TS/SCI,NO,NO,NO,HMMWV,Air Assault Badge,None,Needs Improvement,2009-02-16,Profile,YES,1720,Retained
US-0076,Martinez,Marcus,M,18,SC,PFC,E2,31B,Military Police,Law Enforcement,1st BCT,3-16 FA,Bravo,2nd PLT,2006-07-11,17.9,Active Duty,JRTC Rotation,Fort Johnson,0,0,2149,0,422,2571,320,FAIL,14.4,49,53,M9 Pistol,37,EXPERT,BA/BS Degree,None,NO,NO,NO,None,Expert Infantryman Badge,None,Outstanding,2008-02-29,Profile,YES,1647,Retained
US-0077,Wilson,Kevin,M,45,CO,1SG,E8,25B,IT Specialist,Signal,3rd BCT,2-12 IN,Foxtrot,4th PLT,2006-10-10,17.6,Active Duty,OIR,Iraq/Syria,12,2,4739,0,422,5161,331,FAIL,20.9,34,49,M4 Carbine,18,MARKSMAN,AA Degree,None,NO,YES,NO,M1A2 Abrams,Meritorious Service Medal,None,Outstanding,2011-02-26,Fit for Duty,YES,365,Retained
US-0078,Williams,Brianna,F,43,FL,SPC,E3,15T,UH-60 Helicopter Repairer,Aviation,3rd BCT,15th BSB,HHC,1st PLT,2009-01-09,15.4,Leave,NTC Rotation,Fort Irwin,0,0,2259,0,422,2681,493,PASS,20.7,57,39,M4 Carbine,25,MARKSMAN,MA/MS Degree,Top Secret,NO,NO,NO,None,Combat Infantry Badge,Airborne Badge,Outstanding,2018-10-21,Medical Hold,YES,450,Retained
US-0079,Young,Jason,M,30,NY,CPT,O3,31B,Military Police,Law Enforcement,3rd BCT,1-8 CAV,Echo,3rd PLT,2022-07-29,1.8,Leave,KFOR,Kosovo,15,2,4836,1267,266,6369,385,PASS,17.2,44,57,M9 Pistol,18,MARKSMAN,BA/BS Degree,None,YES,NO,NO,None,None,None,Qualified,2022-07-07,Medical Hold,NO,-479,ETS Eligible
US-0080,Jackson,Carlos,M,25,IN,1SG,E8,11C,Indirect Fire Infantry,Combat,2nd BCT,2-5 CAV,Bravo,4th PLT,2015-01-25,9.3,TDY,Peacetime,CONUS,0,0,4739,1936,422,7097,573,PASS,13.4,25,52,M4 Carbine,35,SHARPSHOOTER,MA/MS Degree,TS/SCI,NO,YES,NO,M2A3 Bradley,Airborne Badge,Meritorious Service Medal,Highly Qualified,2016-07-22,Profile,YES,601,Retained
US-0081,Robinson,Brandon,M,28,CO,SGT,E5,11C,Indirect Fire Infantry,Combat,2nd BCT,3-16 FA,Charlie,4th PLT,2011-09-22,12.7,Medical Hold,KFOR,Kosovo,2,0,2730,1539,422,4691,543,PASS,20.5,66,70,M249 SAW,30,SHARPSHOOTER,MA/MS Degree,Top Secret,NO,NO,NO,None,Army Achievement Medal,None,Highly Qualified,2024-07-12,Profile,YES,322,Retained
US-0082,Garcia,Tanya,F,32,VA,CPT,O3,35F,Intelligence Analyst,Intelligence,3rd BCT,2-4 AVN,Echo,4th PLT,2017-12-01,6.5,Leave,NTC Rotation,Fort Irwin,0,0,4836,1296,266,6398,491,PASS,15.7,72,80,M240B,19,MARKSMAN,HS Diploma,None,NO,NO,NO,M2A3 Bradley,Airborne Badge,None,Qualified,2024-02-08,Limited Duty,YES,740,Retained
US-0083,Wright,Brandon,M,21,TX,SGT,E5,19D,Cavalry Scout,Combat,CAB,3-16 FA,Alpha,4th PLT,2018-05-31,6,Deployed,KFOR,Kosovo,12,2,2730,1894,422,5046,564,PASS,17.1,70,53,M4 Carbine,19,MARKSMAN,HS Diploma,None,NO,NO,NO,None,None,None,Needs Improvement,2023-10-26,Medical Hold,YES,1785,Retained
US-0084,Jackson,Carlos,M,32,MO,CPT,O3,68W,Combat Medic,Medical,DISCOM,21st BSB,Echo,HQ PLT,2008-05-19,16,Transition,OIR,Iraq/Syria,0,0,4836,0,266,5102,349,FAIL,15,78,35,M249 SAW,27,MARKSMAN,AA Degree,TS/SCI,NO,NO,YES,None,Bronze Star Medal,None,Qualified,2023-12-10,Fit for Duty,YES,-29,ETS Eligible
US-0085,King,Jason,M,31,AZ,CPL,E4,15T,UH-60 Helicopter Repairer,Aviation,2nd BCT,2-4 AVN,Bravo,HQ PLT,2008-11-30,15.5,Medical Hold,Peacetime,CONUS,0,0,2504,1127,422,4053,408,PASS,17.3,81,59,M9 Pistol,36,EXPERT,HS Diploma,None,NO,NO,NO,None,Combat Infantry Badge,None,Outstanding,2024-11-15,Profile,YES,-244,ETS Eligible
US-0086,Jackson,Aaron,M,25,VA,2LT,O1,13F,Fire Support Specialist,Combat Support,CAB,2-5 CAV,Charlie,4th PLT,2016-11-02,7.6,Transition,JRTC Rotation,Fort Johnson,0,0,3637,1441,266,5344,468,PASS,17.7,57,37,M240B,30,SHARPSHOOTER,HS Diploma,None,NO,NO,YES,None,Airborne Badge,None,Needs Improvement,2017-08-02,Profile,YES,1592,Retained
US-0087,Young,Rachel,F,34,AL,SGT,E5,92A,Automated Logistical Specialist,Logistics,CAB,3-16 FA,Bravo,4th PLT,2019-04-04,5.2,Medical Hold,Peacetime,CONUS,0,0,2730,0,422,3152,361,PASS,17.2,51,48,M249 SAW,26,MARKSMAN,BA/BS Degree,Secret,NO,NO,NO,HMMWV,Expert Infantryman Badge,Purple Heart,Highly Qualified,2024-06-24,Limited Duty,YES,185,Retained
US-0088,Thompson,James,M,41,IL,SGM,E9,11B,Infantry,Combat,3rd BCT,1-41 IN,HHC,3rd PLT,2008-10-09,15.6,Attached,NTC Rotation,Fort Irwin,0,0,5473,1736,422,7631,348,FAIL,17.2,27,66,M240B,40,EXPERT,AA Degree,TS/SCI,NO,NO,YES,M1126 Stryker,Air Assault Badge,Purple Heart,Highly Qualified,2009-12-13,Fit for Duty,YES,1298,Retained
US-0089,Wilson,Kevin,M,45,SC,1LT,O2,25B,IT Specialist,Signal,DISCOM,21st BSB,Echo,4th PLT,2008-09-21,15.7,Leave,Peacetime,CONUS,0,0,4188,0,266,4454,581,PASS,19.4,71,33,M240B,33,SHARPSHOOTER,HS Diploma,Top Secret,NO,NO,NO,HMMWV,Bronze Star Medal,Combat Infantry Badge,Needs Improvement,2009-04-30,Profile,YES,635,Retained
US-0090,Thompson,Luis,M,45,FL,SGT,E5,19D,Cavalry Scout,Combat,3rd BCT,1-41 IN,Foxtrot,4th PLT,2015-12-24,8.4,Medical Hold,OEF,Afghanistan,8,1,2730,2085,422,5237,337,FAIL,15.7,24,70,M9 Pistol,32,SHARPSHOOTER,BA/BS Degree,TS/SCI,NO,NO,YES,LMTV,None,None,Needs Improvement,2019-06-18,Medical Hold,YES,392,Retained
US-0091,Wilson,Nicole,F,23,PA,COL,O6,25U,Signal Support Specialist,Signal,3rd BCT,2-12 IN,Charlie,HQ PLT,2017-12-18,6.5,Medical Hold,OEF,Afghanistan,15,2,7668,0,266,7934,525,PASS,12.9,60,80,M4 Carbine,19,MARKSMAN,HS Diploma,Secret,NO,NO,NO,None,Combat Infantry Badge,None,Highly Qualified,2021-03-04,Medical Hold,YES,177,ETS Eligible
US-0092,King,Travis,M,30,FL,SGM,E9,19D,Cavalry Scout,Combat,DISCOM,1-41 IN,Delta,1st PLT,2020-10-13,3.6,Leave,OIF,Iraq,0,0,5473,1237,422,7132,555,PASS,13.2,57,44,M9 Pistol,16,MARKSMAN,HS Diploma,Secret,NO,YES,NO,None,Army Commendation Medal,Army Achievement Medal,Outstanding,2024-12-09,Fit for Duty,YES,725,Retained
US-0093,Davis,Travis,M,43,NY,SGT,E5,11C,Indirect Fire Infantry,Combat,DIVARTY,21st BSB,Alpha,HQ PLT,2019-07-31,4.8,Transition,OEF,Afghanistan,14,2,2730,0,422,3152,516,PASS,17.8,29,56,M249 SAW,18,MARKSMAN,Some College,TS/SCI,NO,NO,NO,M2A3 Bradley,Army Achievement Medal,None,Highly Qualified,2022-03-13,Medical Hold,YES,-391,ETS Eligible
US-0094,Walker,Michael,M,42,AL,SFC,E7,19D,Cavalry Scout,Combat,CAB,2-12 IN,Echo,1st PLT,2022-07-31,1.8,Medical Hold,NTC Rotation,Fort Irwin,0,0,3294,1290,422,5006,594,PASS,15.8,35,61,M4 Carbine,32,SHARPSHOOTER,HS Diploma,TS/SCI,NO,NO,NO,M1A2 Abrams,Army Commendation Medal,Purple Heart,Qualified,2023-06-21,Fit for Duty,NO,383,Retained
US-0095,Harris,Marcus,M,38,FL,SGM,E9,15T,UH-60 Helicopter Repairer,Aviation,DISCOM,15th BSB,Foxtrot,4th PLT,2014-07-02,9.9,Attached,JRTC Rotation,Fort Johnson,0,0,5473,0,422,5895,368,PASS,17.9,54,69,M240B,18,MARKSMAN,AA Degree,Secret,NO,NO,NO,M2A3 Bradley,Bronze Star Medal,None,Qualified,2014-08-26,Limited Duty,YES,501,Retained
US-0096,Brown,Elijah,M,26,SC,LTC,O5,92A,Automated Logistical Specialist,Logistics,DIVARTY,1-8 CAV,Charlie,2nd PLT,2007-09-06,16.7,Leave,OIF,Iraq,4,0,6618,0,266,6884,554,PASS,16.7,42,63,M240B,21,MARKSMAN,HS Diploma,None,YES,NO,NO,LMTV,Purple Heart,None,Needs Improvement,2021-01-27,Medical Hold,YES,-185,ETS Eligible
US-0097,Walker,Danielle,F,25,WA,1LT,O2,11B,Infantry,Combat,CAB,21st BSB,Bravo,3rd PLT,2008-07-12,15.9,Deployed,OIR,Iraq/Syria,3,0,4188,0,266,4454,312,FAIL,14.4,52,30,M4 Carbine,23,MARKSMAN,Some College,Secret,YES,NO,NO,M1126 Stryker,Army Commendation Medal,None,Outstanding,2014-01-31,Limited Duty,YES,-181,ETS Eligible
US-0098,Walker,Tyler,M,42,IL,PFC,E2,12B,Combat Engineer,Combat Support,2nd BCT,15th BSB,Alpha,4th PLT,2006-07-19,17.9,Medical Hold,KFOR,Kosovo,9,1,2149,1436,422,4007,478,PASS,13.2,49,30,M249 SAW,25,MARKSMAN,Some College,Top Secret,NO,YES,NO,M1A2 Abrams,Airborne Badge,None,Qualified,2011-03-24,Fit for Duty,YES,1718,Retained
US-0099,Moore,James,M,36,GA,PVT,E1,31B,Military Police,Law Enforcement,DISCOM,3-16 FA,Foxtrot,3rd PLT,2007-05-02,17.1,Leave,OEF,Afghanistan,7,1,1917,1659,422,3998,433,PASS,20.7,82,39,M4 Carbine,17,MARKSMAN,MA/MS Degree,Top Secret,NO,NO,YES,HMMWV,Combat Medic Badge,Air Assault Badge,Outstanding,2008-09-05,Profile,YES,-245,ETS Eligible
US-0100,Davis,Lauren,F,21,KY,MSG,E8,25U,Signal Support Specialist,Signal,3rd BCT,1-82 FA,Foxtrot,4th PLT,2020-09-19,3.7,Deployed,NTC Rotation,Fort Irwin,0,0,4739,1468,422,6629,393,PASS,16.3,34,34,M249 SAW,40,EXPERT,AA Degree,TS/SCI,NO,NO,NO,HMMWV,None,Combat Infantry Badge,Highly Qualified,2021-06-26,Profile,YES,-9,ETS Eligible
US-0101,Wright,Aaron,M,25,GA,SGM,E9,25B,IT Specialist,Signal,DISCOM,2-4 AVN,HHC,1st PLT,2009-10-28,14.6,Active Duty,NTC Rotation,Fort Irwin,0,0,5473,0,422,5895,492,PASS,13.3,35,52,M4 Carbine,37,EXPERT,BA/BS Degree,TS/SCI,NO,NO,NO,M2A3 Bradley,Bronze Star Medal,None,Qualified,2011-09-22,Fit for Duty,YES,-452,ETS Eligible
US-0102,Davis,Kevin,M,44,AZ,SFC,E7,25B,IT Specialist,Signal,CAB,1-82 FA,Echo,1st PLT,2018-01-23,6.4,Medical Hold,Peacetime,CONUS,0,0,3294,0,422,3716,517,PASS,12.7,24,42,M249 SAW,18,MARKSMAN,BA/BS Degree,None,NO,NO,NO,None,None,None,Highly Qualified,2022-10-14,Fit for Duty,YES,207,Retained
US-0103,Garcia,Michael,M,33,KY,1SG,E8,25U,Signal Support Specialist,Signal,CAB,3-66 AR,Alpha,HQ PLT,2018-11-21,5.5,Deployed,Peacetime,CONUS,0,0,4739,1303,422,6464,535,PASS,16.7,76,65,M4 Carbine,18,MARKSMAN,BA/BS Degree,Secret,YES,NO,NO,LMTV,Bronze Star Medal,None,Outstanding,2021-08-10,Medical Hold,YES,1090,Retained
US-0104,Johnson,Aaron,M,23,IL,2LT,O1,92A,Automated Logistical Specialist,Logistics,2nd BCT,1-8 CAV,Foxtrot,3rd PLT,2006-04-25,18.1,Attached,NTC Rotation,Fort Irwin,0,0,3637,1766,266,5669,341,FAIL,19,34,40,M249 SAW,37,EXPERT,MA/MS Degree,Secret,NO,NO,NO,FMTV,Combat Medic Badge,None,Highly Qualified,2014-01-18,Medical Hold,YES,-385,ETS Eligible
US-0105,Allen,Luis,M,22,IN,SFC,E7,25B,IT Specialist,Signal,CAB,15th BSB,Charlie,2nd PLT,2016-01-01,8.4,TDY,OIF,Iraq,2,0,3294,0,422,3716,534,PASS,17.6,21,63,M4 Carbine,26,MARKSMAN,Some College,Secret,NO,YES,YES,M1126 Stryker,Airborne Badge,None,Qualified,2016-10-24,Fit for Duty,YES,1030,Retained
US-0106,Brown,Maria,F,40,IN,2LT,O1,25U,Signal Support Specialist,Signal,3rd BCT,3-66 AR,Bravo,4th PLT,2022-10-05,1.7,Leave,JRTC Rotation,Fort Johnson,0,0,3637,1797,266,5700,472,PASS,14,81,65,M249 SAW,37,EXPERT,BA/BS Degree,Top Secret,NO,YES,YES,None,Airborne Badge,Meritorious Service Medal,Needs Improvement,2023-10-14,Fit for Duty,NO,404,Retained
US-0107,Davis,Ryan,M,23,CO,2LT,O1,19D,Cavalry Scout,Combat,1st BCT,1-41 IN,Charlie,3rd PLT,2008-10-07,15.6,Active Duty,JRTC Rotation,Fort Johnson,0,0,3637,981,266,4884,417,PASS,16.3,36,43,M4 Carbine,27,MARKSMAN,BA/BS Degree,TS/SCI,NO,NO,NO,None,Bronze Star Medal,None,Highly Qualified,2016-06-01,Limited Duty,YES,-85,ETS Eligible
US-0108,Allen,Amanda,F,37,CO,MSG,E8,12B,Combat Engineer,Combat Support,CAB,2-5 CAV,Foxtrot,1st PLT,2011-08-13,12.8,Leave,OIF,Iraq,10,1,4739,0,422,5161,372,PASS,13.1,30,54,M4 Carbine,33,SHARPSHOOTER,Some College,None,NO,NO,NO,None,Army Achievement Medal,None,Outstanding,2015-08-11,Fit for Duty,YES,278,Retained
US-0109,Hall,Keisha,F,27,AZ,1SG,E8,15T,UH-60 Helicopter Repairer,Aviation,3rd BCT,2-12 IN,Bravo,1st PLT,2006-02-11,18.3,Leave,KFOR,Kosovo,15,2,4739,0,422,5161,440,PASS,15.6,47,35,M9 Pistol,22,MARKSMAN,BA/BS Degree,Top Secret,YES,NO,YES,M1126 Stryker,Army Achievement Medal,None,Qualified,2008-01-17,Limited Duty,YES,1728,Retained
US-0110,Jackson,Sarah,F,35,AL,CPT,O3,35F,Intelligence Analyst,Intelligence,2nd BCT,87th BSB,Alpha,3rd PLT,2014-11-12,9.6,Transition,KFOR,Kosovo,8,1,4836,1263,266,6365,339,FAIL,17.3,29,78,M4 Carbine,37,EXPERT,MA/MS Degree,None,NO,NO,NO,M1A2 Abrams,Purple Heart,Meritorious Service Medal,Qualified,2018-06-06,Profile,YES,-358,ETS Eligible
US-0111,Lewis,Tyler,M,36,SC,SSG,E6,12B,Combat Engineer,Combat Support,2nd BCT,1-41 IN,Bravo,1st PLT,2014-07-01,9.9,Attached,OIF,Iraq,13,2,2980,0,422,3402,324,FAIL,19.6,36,50,M4 Carbine,28,MARKSMAN,BA/BS Degree,Top Secret,NO,YES,NO,M2A3 Bradley,Air Assault Badge,None,Needs Improvement,2020-05-09,Fit for Duty,YES,-90,ETS Eligible
US-0112,Taylor,Tyler,M,27,PA,1LT,O2,94F,Special Electronic Devices Repairer,Maintenance,CAB,2-12 IN,Delta,4th PLT,2017-10-31,6.6,TDY,Peacetime,CONUS,0,0,4188,0,266,4454,495,PASS,14,45,39,M4 Carbine,28,MARKSMAN,BA/BS Degree,Top Secret,YES,NO,NO,M2A3 Bradley,Purple Heart,Army Commendation Medal,Outstanding,2018-07-05,Fit for Duty,YES,730,Retained
US-0113,Moore,Amanda,F,44,CA,1SG,E8,19D,Cavalry Scout,Combat,CAB,21st BSB,Echo,1st PLT,2009-03-20,15.2,Attached,KFOR,Kosovo,6,1,4739,1633,422,6794,318,FAIL,19,75,53,M249 SAW,18,MARKSMAN,Some College,None,NO,YES,NO,M1126 Stryker,Bronze Star Medal,Meritorious Service Medal,Qualified,2024-10-21,Fit for Duty,YES,315,Retained
US-0114,Lewis,Nathan,M,45,IL,CPT,O3,15T,UH-60 Helicopter Repairer,Aviation,1st BCT,1-4 AVN,Alpha,2nd PLT,2013-05-10,11.1,Medical Hold,KFOR,Kosovo,14,2,4836,1163,266,6265,373,PASS,17.5,42,52,M240B,39,EXPERT,Some College,None,NO,NO,NO,None,None,None,Highly Qualified,2022-03-09,Profile,YES,1602,Retained
US-0115,Robinson,James,M,35,MI,SGT,E5,15T,UH-60 Helicopter Repairer,Aviation,2nd BCT,21st BSB,Foxtrot,1st PLT,2010-01-08,14.4,Transition,OIR,Iraq/Syria,9,1,2730,2116,422,5268,525,PASS,16.1,44,52,M240B,22,MARKSMAN,MA/MS Degree,None,YES,NO,NO,None,Expert Infantryman Badge,None,Outstanding,2012-06-04,Medical Hold,YES,1473,Retained
US-0116,Anderson,Jason,M,39,KY,2LT,O1,25B,IT Specialist,Signal,3rd BCT,2-12 IN,Echo,3rd PLT,2009-03-24,15.2,Leave,OEF,Afghanistan,7,1,3637,916,266,4819,303,FAIL,18.1,63,38,M9 Pistol,25,MARKSMAN,BA/BS Degree,None,NO,NO,NO,M2A3 Bradley,Bronze Star Medal,Meritorious Service Medal,Outstanding,2023-10-02,Medical Hold,YES,1786,Retained
US-0117,Brown,Derek,M,36,MI,COL,O6,12B,Combat Engineer,Combat Support,DISCOM,2-12 IN,Echo,HQ PLT,2022-02-10,2.3,Medical Hold,OEF,Afghanistan,10,1,7668,0,266,7934,447,PASS,14.4,34,77,M9 Pistol,26,MARKSMAN,HS Diploma,None,NO,YES,NO,LMTV,Purple Heart,None,Needs Improvement,2022-09-03,Limited Duty,YES,1063,Retained
US-0118,Williams,Elijah,M,37,CO,SGT,E5,12B,Combat Engineer,Combat Support,2nd BCT,1-82 FA,Delta,HQ PLT,2015-04-07,9.2,Transition,OEF,Afghanistan,10,1,2730,0,422,3152,450,PASS,16.6,60,41,M4 Carbine,16,MARKSMAN,BA/BS Degree,Secret,NO,YES,NO,HMMWV,Expert Infantryman Badge,None,Qualified,2019-04-20,Limited Duty,YES,-481,ETS Eligible
US-0119,Jackson,Michael,M,28,AL,PVT,E1,94F,Special Electronic Devices Repairer,Maintenance,3rd BCT,15th BSB,Bravo,1st PLT,2020-03-06,4.2,Medical Hold,OIF,Iraq,7,1,1917,1263,422,3602,547,PASS,15.2,26,54,M240B,21,MARKSMAN,AA Degree,Top Secret,NO,NO,NO,None,Army Achievement Medal,Bronze Star Medal,Needs Improvement,2024-07-20,Profile,YES,1152,Retained
US-0120,Thompson,Kevin,M,21,KY,SGT,E5,13F,Fire Support Specialist,Combat Support,DISCOM,1-8 CAV,HHC,HQ PLT,2008-10-16,15.6,Active Duty,OIF,Iraq,11,1,2730,0,422,3152,563,PASS,15.7,60,46,M4 Carbine,35,SHARPSHOOTER,AA Degree,None,NO,NO,NO,M2A3 Bradley,Army Commendation Medal,None,Highly Qualified,2023-08-05,Limited Duty,YES,-462,ETS Eligible
US-0121,Wright,Elijah,M,35,AL,CPL,E4,15T,UH-60 Helicopter Repairer,Aviation,DIVARTY,2-12 IN,HHC,HQ PLT,2020-09-19,3.7,TDY,OEF,Afghanistan,13,2,2504,0,422,2926,544,PASS,14.9,70,36,M249 SAW,35,SHARPSHOOTER,Some College,TS/SCI,NO,YES,YES,None,Combat Medic Badge,Air Assault Badge,Qualified,2020-01-06,Limited Duty,YES,-448,ETS Eligible
US-0122,Allen,Tyler,M,21,CA,COL,O6,12B,Combat Engineer,Combat Support,1st BCT,15th BSB,Alpha,1st PLT,2010-09-28,13.7,Attached,JRTC Rotation,Fort Johnson,0,0,7668,1273,266,9207,527,PASS,20.9,38,46,M4 Carbine,19,MARKSMAN,HS Diploma,Top Secret,NO,NO,YES,M2A3 Bradley,Combat Infantry Badge,Bronze Star Medal,Needs Improvement,2017-05-16,Profile,YES,964,Retained
US-0123,Anderson,Maria,F,23,MI,SPC,E3,35F,Intelligence Analyst,Intelligence,3rd BCT,3-66 AR,Alpha,4th PLT,2013-12-23,10.4,Active Duty,KFOR,Kosovo,8,1,2259,1589,422,4270,347,FAIL,19.3,61,40,M249 SAW,38,EXPERT,BA/BS Degree,TS/SCI,NO,NO,NO,FMTV,None,None,Qualified,2015-12-07,Medical Hold,YES,1478,Retained
US-0124,Clark,Monique,F,19,TX,LTC,O5,11B,Infantry,Combat,1st BCT,2-12 IN,Echo,3rd PLT,2005-04-12,19.1,Leave,JRTC Rotation,Fort Johnson,0,0,6618,0,266,6884,555,PASS,20.8,62,51,M4 Carbine,29,MARKSMAN,Some College,TS/SCI,NO,NO,NO,M2A3 Bradley,None,Expert Infantryman Badge,Needs Improvement,2006-09-06,Limited Duty,YES,1513,Retained
US-0125,Moore,Kevin,M,19,KY,1SG,E8,11B,Infantry,Combat,DIVARTY,1-41 IN,HHC,4th PLT,2014-01-17,10.4,Leave,NTC Rotation,Fort Irwin,0,0,4739,0,422,5161,519,PASS,16.4,71,66,M4 Carbine,31,SHARPSHOOTER,MA/MS Degree,None,YES,NO,NO,LMTV,Expert Infantryman Badge,None,Outstanding,2024-10-20,Fit for Duty,YES,747,Retained
US-0126,Moore,Carlos,M,19,NC,1LT,O2,25B,IT Specialist,Signal,1st BCT,1-41 IN,Foxtrot,4th PLT,2012-06-12,12,TDY,Peacetime,CONUS,0,0,4188,2069,266,6523,521,PASS,18.6,43,75,M4 Carbine,19,MARKSMAN,BA/BS Degree,Top Secret,NO,NO,YES,FMTV,None,Army Commendation Medal,Needs Improvement,2021-03-06,Profile,YES,-62,ETS Eligible
US-0127,Wilson,Michael,M,44,IN,CPL,E4,94F,Special Electronic Devices Repairer,Maintenance,CAB,1-41 IN,Delta,2nd PLT,2021-01-28,3.3,Medical Hold,OIR,Iraq/Syria,3,0,2504,0,422,2926,591,PASS,20.4,73,73,M4 Carbine,40,EXPERT,BA/BS Degree,None,YES,NO,NO,M2A3 Bradley,Expert Infantryman Badge,None,Qualified,2021-09-20,Profile,YES,-76,ETS Eligible
US-0128,Young,Lauren,F,39,NY,2LT,O1,88M,Motor Transport Operator,Logistics,CAB,3-16 FA,HHC,2nd PLT,2011-02-20,13.3,Deployed,KFOR,Kosovo,10,1,3637,1402,266,5305,598,PASS,19.3,28,56,M240B,38,EXPERT,Some College,Secret,NO,NO,NO,M1126 Stryker,Air Assault Badge,None,Qualified,2023-08-12,Medical Hold,YES,1467,Retained
US-0129,Hall,Lauren,F,29,MO,SGM,E9,94F,Special Electronic Devices Repairer,Maintenance,CAB,1-8 CAV,HHC,1st PLT,2005-07-27,18.8,Leave,KFOR,Kosovo,4,0,5473,0,422,5895,372,PASS,14.2,68,80,M240B,37,EXPERT,HS Diploma,Top Secret,NO,NO,YES,LMTV,Bronze Star Medal,None,Highly Qualified,2013-09-21,Profile,YES,473,Retained
US-0130,Harris,Marcus,M,39,FL,CPT,O3,42A,Human Resources Specialist,Admin,DISCOM,1-82 FA,HHC,1st PLT,2005-04-17,19.1,Attached,JRTC Rotation,Fort Johnson,0,0,4836,0,266,5102,405,PASS,17.8,69,58,M240B,40,EXPERT,Some College,Secret,NO,NO,NO,M1A2 Abrams,Airborne Badge,Airborne Badge,Qualified,2013-06-18,Profile,YES,-334,ETS Eligible
US-0131,Hall,Brianna,F,20,SC,1SG,E8,12B,Combat Engineer,Combat Support,2nd BCT,21st BSB,Foxtrot,3rd PLT,2005-02-16,19.3,Attached,OIR,Iraq/Syria,14,2,4739,0,422,5161,316,FAIL,13.8,40,68,M240B,31,SHARPSHOOTER,Some College,Top Secret,NO,YES,NO,HMMWV,None,Purple Heart,Highly Qualified,2007-01-24,Limited Duty,YES,931,Retained
US-0132,Wright,Michael,M,44,TN,2LT,O1,35F,Intelligence Analyst,Intelligence,3rd BCT,2-12 IN,Bravo,HQ PLT,2016-11-24,7.5,Medical Hold,KFOR,Kosovo,0,0,3637,1034,266,4937,414,PASS,16.3,77,71,M4 Carbine,37,EXPERT,MA/MS Degree,Top Secret,NO,YES,NO,M1126 Stryker,Purple Heart,None,Highly Qualified,2023-04-22,Limited Duty,YES,288,Retained
US-0133,Brown,DeShawn,M,19,NC,SSG,E6,31B,Military Police,Law Enforcement,DIVARTY,15th BSB,Alpha,1st PLT,2009-09-23,14.7,Medical Hold,JRTC Rotation,Fort Johnson,0,0,2980,0,422,3402,395,PASS,19.9,47,36,M9 Pistol,36,EXPERT,AA Degree,Top Secret,YES,YES,YES,M2A3 Bradley,Army Achievement Medal,Combat Infantry Badge,Highly Qualified,2014-10-20,Fit for Duty,YES,1169,Retained
US-0134,King,Danielle,F,33,NC,CPT,O3,42A,Human Resources Specialist,Admin,3rd BCT,1-8 CAV,Delta,1st PLT,2016-12-30,7.4,TDY,OIF,Iraq,2,0,4836,0,266,5102,547,PASS,18.5,24,52,M4 Carbine,25,MARKSMAN,MA/MS Degree,TS/SCI,NO,NO,YES,None,None,Airborne Badge,Highly Qualified,2020-05-20,Profile,YES,1735,Retained
US-0135,Taylor,Luis,M,23,IN,1LT,O2,11B,Infantry,Combat,DIVARTY,15th BSB,Bravo,1st PLT,2005-12-09,18.5,Deployed,OIF,Iraq,12,2,4188,0,266,4454,466,PASS,15.1,67,77,M249 SAW,29,MARKSMAN,HS Diploma,Secret,NO,YES,YES,M1A2 Abrams,None,Combat Infantry Badge,Qualified,2011-07-10,Limited Duty,YES,-225,ETS Eligible
US-0136,Wilson,Tyler,M,43,IL,COL,O6,35F,Intelligence Analyst,Intelligence,3rd BCT,3-66 AR,Echo,2nd PLT,2007-03-31,17.2,Medical Hold,OIR,Iraq/Syria,2,0,7668,1196,266,9130,446,PASS,16.6,41,69,M249 SAW,34,SHARPSHOOTER,BA/BS Degree,Secret,YES,NO,NO,M2A3 Bradley,Airborne Badge,None,Needs Improvement,2022-03-30,Medical Hold,YES,858,Retained
US-0137,Lewis,Danielle,F,19,KY,1LT,O2,31B,Military Police,Law Enforcement,3rd BCT,87th BSB,HHC,1st PLT,2008-12-10,15.5,Active Duty,JRTC Rotation,Fort Johnson,0,0,4188,0,266,4454,565,PASS,19.7,74,38,M249 SAW,24,MARKSMAN,AA Degree,None,NO,NO,NO,M2A3 Bradley,None,Army Achievement Medal,Highly Qualified,2016-03-15,Limited Duty,YES,1107,Retained
US-0138,Davis,Derek,M,20,PA,LTC,O5,88M,Motor Transport Operator,Logistics,DIVARTY,2-5 CAV,Delta,3rd PLT,2016-04-06,8.2,TDY,OIF,Iraq,7,1,6618,0,266,6884,371,PASS,18.9,28,58,M249 SAW,34,SHARPSHOOTER,AA Degree,None,NO,NO,NO,None,Airborne Badge,Combat Infantry Badge,Outstanding,2018-04-26,Profile,YES,1621,Retained
US-0139,Robinson,Travis,M,30,TN,LTC,O5,94F,Special Electronic Devices Repairer,Maintenance,1st BCT,1-8 CAV,Echo,3rd PLT,2007-04-26,17.1,Transition,JRTC Rotation,Fort Johnson,0,0,6618,1867,266,8751,568,PASS,19.6,36,67,M249 SAW,28,MARKSMAN,AA Degree,Top Secret,NO,YES,NO,LMTV,None,None,Highly Qualified,2007-02-24,Limited Duty,YES,1555,Retained
US-0140,Garcia,Carlos,M,22,IN,MSG,E8,11C,Indirect Fire Infantry,Combat,DIVARTY,1-4 AVN,Charlie,2nd PLT,2008-05-15,16,Leave,OEF,Afghanistan,5,0,4739,0,422,5161,348,FAIL,18.1,46,51,M9 Pistol,37,EXPERT,MA/MS Degree,TS/SCI,YES,YES,YES,None,Expert Infantryman Badge,None,Qualified,2019-07-01,Profile,YES,-340,ETS Eligible
US-0141,Garcia,Marcus,M,26,NC,1SG,E8,94F,Special Electronic Devices Repairer,Maintenance,2nd BCT,15th BSB,Delta,HQ PLT,2017-08-23,6.8,Transition,JRTC Rotation,Fort Johnson,0,0,4739,838,422,5999,600,PASS,20.6,33,58,M9 Pistol,31,SHARPSHOOTER,AA Degree,Secret,NO,NO,NO,M1A2 Abrams,Combat Infantry Badge,None,Outstanding,2019-07-31,Limited Duty,YES,1049,Retained
US-0142,Brown,Sarah,F,40,SC,PVT,E1,13F,Fire Support Specialist,Combat Support,DIVARTY,15th BSB,Echo,4th PLT,2008-05-10,16.1,Attached,Peacetime,CONUS,0,0,1917,0,422,2339,309,FAIL,16.5,59,68,M4 Carbine,18,MARKSMAN,BA/BS Degree,TS/SCI,NO,NO,YES,HMMWV,Expert Infantryman Badge,Airborne Badge,Highly Qualified,2016-07-20,Profile,YES,935,Retained
US-0143,Davis,Elijah,M,22,CO,1SG,E8,68W,Combat Medic,Medical,2nd BCT,2-5 CAV,Charlie,HQ PLT,2017-03-13,7.2,Leave,KFOR,Kosovo,8,1,4739,0,422,5161,585,PASS,18.5,70,30,M4 Carbine,32,SHARPSHOOTER,MA/MS Degree,Top Secret,NO,NO,YES,None,Army Commendation Medal,None,Qualified,2023-01-05,Medical Hold,YES,1234,Retained
US-0144,Wright,Brandon,M,21,OH,CPT,O3,31B,Military Police,Law Enforcement,2nd BCT,3-16 FA,HHC,HQ PLT,2015-10-28,8.6,Leave,OEF,Afghanistan,11,1,4836,1945,266,7047,466,PASS,14.7,39,66,M9 Pistol,39,EXPERT,MA/MS Degree,Secret,NO,NO,NO,LMTV,Combat Infantry Badge,None,Highly Qualified,2021-11-20,Limited Duty,YES,-287,ETS Eligible
US-0145,King,Travis,M,24,SC,PVT,E1,31B,Military Police,Law Enforcement,1st BCT,3-66 AR,Delta,HQ PLT,2014-10-07,9.7,Attached,OIF,Iraq,2,0,1917,0,422,2339,486,PASS,15.7,58,32,M9 Pistol,35,SHARPSHOOTER,AA Degree,Secret,NO,NO,YES,None,None,None,Highly Qualified,2020-09-21,Profile,YES,1591,Retained
US-0146,Wright,Aaron,M,32,AZ,PFC,E2,35F,Intelligence Analyst,Intelligence,2nd BCT,1-4 AVN,Alpha,2nd PLT,2006-12-13,17.5,TDY,OIR,Iraq/Syria,12,2,2149,1523,422,4094,297,FAIL,15.9,32,63,M4 Carbine,18,MARKSMAN,MA/MS Degree,Top Secret,NO,NO,NO,None,Air Assault Badge,None,Needs Improvement,2015-02-18,Fit for Duty,YES,1573,Retained
US-0147,Walker,DeShawn,M,38,IL,SGM,E9,35F,Intelligence Analyst,Intelligence,1st BCT,15th BSB,Charlie,HQ PLT,2022-10-18,1.6,Medical Hold,Peacetime,CONUS,0,0,5473,1312,422,7207,414,PASS,20.7,56,60,M240B,40,EXPERT,Some College,None,NO,YES,NO,M1126 Stryker,Expert Infantryman Badge,Airborne Badge,Highly Qualified,2024-11-23,Medical Hold,NO,1694,Retained
US-0148,Thompson,Brandon,M,45,PA,SGM,E9,11C,Indirect Fire Infantry,Combat,CAB,1-4 AVN,Echo,3rd PLT,2006-09-15,17.7,Leave,Peacetime,CONUS,0,0,5473,1165,422,7060,427,PASS,15.2,33,66,M249 SAW,39,EXPERT,Some College,Secret,NO,NO,NO,None,None,Combat Medic Badge,Outstanding,2011-08-08,Profile,YES,958,Retained
US-0149,Brown,Tyler,M,43,CO,SPC,E3,15T,UH-60 Helicopter Repairer,Aviation,DISCOM,87th BSB,HHC,1st PLT,2022-02-21,2.3,Medical Hold,NTC Rotation,Fort Irwin,0,0,2259,0,422,2681,451,PASS,19.7,43,69,M9 Pistol,34,SHARPSHOOTER,BA/BS Degree,Secret,NO,YES,NO,HMMWV,Bronze Star Medal,None,Needs Improvement,2022-12-24,Fit for Duty,YES,1372,Retained
US-0150,Moore,Carlos,M,29,AZ,PVT,E1,11B,Infantry,Combat,DISCOM,1-41 IN,Delta,HQ PLT,2007-04-06,17.2,Medical Hold,OIR,Iraq/Syria,11,1,1917,2054,422,4393,427,PASS,14.1,36,45,M9 Pistol,35,SHARPSHOOTER,AA Degree,Secret,NO,NO,NO,None,Purple Heart,None,Outstanding,2009-12-10,Limited Duty,YES,436,Retained
US-0151,Thompson,Brandon,M,44,PA,MAJ,O4,25B,IT Specialist,Signal,CAB,1-41 IN,Bravo,2nd PLT,2015-08-11,8.8,Medical Hold,NTC Rotation,Fort Irwin,0,0,5696,0,266,5962,554,PASS,16.1,28,70,M240B,31,SHARPSHOOTER,BA/BS Degree,None,NO,YES,NO,M1126 Stryker,Bronze Star Medal,None,Highly Qualified,2017-11-30,Fit for Duty,YES,978,Retained
US-0152,Jackson,Brandon,M,45,NC,PVT,E1,42A,Human Resources Specialist,Admin,1st BCT,1-82 FA,Foxtrot,HQ PLT,2009-06-18,15,Medical Hold,Peacetime,CONUS,0,0,1917,0,422,2339,456,PASS,20.8,38,52,M9 Pistol,40,EXPERT,AA Degree,Top Secret,NO,NO,NO,LMTV,None,None,Highly Qualified,2018-01-29,Limited Duty,YES,-208,ETS Eligible
US-0153,Moore,Aaron,M,24,NC,MSG,E8,35F,Intelligence Analyst,Intelligence,3rd BCT,1-4 AVN,Charlie,3rd PLT,2018-07-31,5.8,Deployed,JRTC Rotation,Fort Johnson,0,0,4739,1609,422,6770,590,PASS,20,69,53,M9 Pistol,29,MARKSMAN,BA/BS Degree,Secret,NO,NO,YES,None,Combat Infantry Badge,None,Highly Qualified,2023-04-23,Fit for Duty,YES,1746,Retained
US-0154,Harris,James,M,26,KY,SPC,E3,11C,Indirect Fire Infantry,Combat,3rd BCT,21st BSB,Bravo,1st PLT,2019-09-09,4.7,Attached,KFOR,Kosovo,9,1,2259,0,422,2681,354,FAIL,18.8,48,70,M249 SAW,32,SHARPSHOOTER,BA/BS Degree,Top Secret,NO,NO,NO,FMTV,Combat Infantry Badge,None,Needs Improvement,2020-12-26,Profile,YES,1370,Retained
US-0155,King,Crystal,F,42,CO,SGM,E9,94F,Special Electronic Devices Repairer,Maintenance,3rd BCT,87th BSB,HHC,2nd PLT,2007-01-04,17.4,Leave,KFOR,Kosovo,9,1,5473,1549,422,7444,290,FAIL,14.7,39,30,M249 SAW,27,MARKSMAN,AA Degree,TS/SCI,NO,NO,YES,LMTV,Bronze Star Medal,None,Highly Qualified,2015-05-19,Profile,YES,272,Retained
US-0156,Clark,Crystal,F,21,MO,CPT,O3,13F,Fire Support Specialist,Combat Support,2nd BCT,2-4 AVN,Echo,4th PLT,2013-06-27,10.9,Deployed,OEF,Afghanistan,8,1,4836,962,266,6064,429,PASS,17.8,53,78,M240B,36,EXPERT,MA/MS Degree,None,NO,YES,NO,None,None,Bronze Star Medal,Outstanding,2024-01-14,Limited Duty,YES,269,Retained
US-0157,Davis,James,M,19,PA,PFC,E2,88M,Motor Transport Operator,Logistics,1st BCT,3-66 AR,Alpha,3rd PLT,2011-01-15,13.4,Medical Hold,OEF,Afghanistan,14,2,2149,0,422,2571,401,PASS,13.3,20,61,M240B,29,MARKSMAN,BA/BS Degree,None,NO,YES,NO,M2A3 Bradley,Bronze Star Medal,Expert Infantryman Badge,Needs Improvement,2015-04-24,Fit for Duty,YES,524,Retained
US-0158,Johnson,Nicole,F,38,VA,CPL,E4,31B,Military Police,Law Enforcement,DISCOM,1-41 IN,Delta,4th PLT,2010-07-18,13.9,Deployed,JRTC Rotation,Fort Johnson,0,0,2504,0,422,2926,556,PASS,16.4,69,36,M249 SAW,31,SHARPSHOOTER,Some College,None,YES,NO,NO,FMTV,Meritorious Service Medal,Bronze Star Medal,Needs Improvement,2014-11-20,Medical Hold,YES,-38,ETS Eligible
US-0159,Moore,Elijah,M,40,KY,PVT,E1,12B,Combat Engineer,Combat Support,3rd BCT,21st BSB,Alpha,4th PLT,2022-09-13,1.7,Attached,OEF,Afghanistan,0,0,1917,886,422,3225,335,FAIL,18.4,29,53,M249 SAW,21,MARKSMAN,HS Diploma,None,YES,NO,NO,M1126 Stryker,Expert Infantryman Badge,None,Needs Improvement,2023-12-13,Profile,NO,1296,Retained
US-0160,Harris,James,M,35,TN,1LT,O2,19D,Cavalry Scout,Combat,2nd BCT,2-12 IN,Alpha,4th PLT,2020-11-06,3.6,Active Duty,KFOR,Kosovo,9,1,4188,1911,266,6365,468,PASS,14.1,31,64,M240B,39,EXPERT,BA/BS Degree,Secret,NO,NO,NO,LMTV,Expert Infantryman Badge,None,Qualified,2022-02-15,Fit for Duty,YES,259,Retained
US-0161,Young,Nathan,M,24,GA,MSG,E8,35F,Intelligence Analyst,Intelligence,DISCOM,2-5 CAV,Echo,HQ PLT,2013-09-10,10.7,Deployed,OEF,Afghanistan,15,2,4739,0,422,5161,454,PASS,17.7,40,56,M4 Carbine,19,MARKSMAN,HS Diploma,None,NO,YES,NO,LMTV,Air Assault Badge,Army Commendation Medal,Qualified,2018-09-28,Limited Duty,YES,-299,ETS Eligible
US-0162,Young,Kevin,M,21,GA,SPC,E3,11B,Infantry,Combat,2nd BCT,1-4 AVN,Delta,1st PLT,2015-07-02,8.9,Attached,NTC Rotation,Fort Irwin,0,0,2259,0,422,2681,478,PASS,15.6,67,56,M4 Carbine,35,SHARPSHOOTER,Some College,Top Secret,YES,YES,NO,None,Bronze Star Medal,None,Highly Qualified,2020-11-25,Limited Duty,YES,518,Retained
US-0163,Brown,Elijah,M,36,KY,1LT,O2,15T,UH-60 Helicopter Repairer,Aviation,CAB,2-4 AVN,Echo,4th PLT,2007-05-03,17.1,Medical Hold,OEF,Afghanistan,5,0,4188,1926,266,6380,563,PASS,16.8,62,40,M9 Pistol,27,MARKSMAN,Some College,TS/SCI,NO,NO,NO,FMTV,Purple Heart,Purple Heart,Needs Improvement,2012-09-12,Limited Duty,YES,974,Retained
US-0164,Harris,Danielle,F,22,PA,PVT,E1,19D,Cavalry Scout,Combat,1st BCT,2-12 IN,HHC,1st PLT,2016-08-11,7.8,Active Duty,OEF,Afghanistan,9,1,1917,813,422,3152,301,FAIL,20.9,33,50,M240B,33,SHARPSHOOTER,AA Degree,None,NO,NO,NO,None,Air Assault Badge,Airborne Badge,Qualified,2019-05-15,Profile,YES,-124,ETS Eligible
US-0165,Wilson,Maria,F,41,MI,SPC,E3,19D,Cavalry Scout,Combat,3rd BCT,87th BSB,Bravo,4th PLT,2020-06-20,3.9,TDY,JRTC Rotation,Fort Johnson,0,0,2259,0,422,2681,585,PASS,17.6,39,32,M9 Pistol,18,MARKSMAN,HS Diploma,TS/SCI,NO,YES,NO,None,None,None,Needs Improvement,2022-12-09,Limited Duty,YES,-332,ETS Eligible
US-0166,Moore,Luis,M,34,CO,MSG,E8,12B,Combat Engineer,Combat Support,1st BCT,1-4 AVN,Echo,4th PLT,2014-12-30,9.4,Transition,NTC Rotation,Fort Irwin,0,0,4739,0,422,5161,491,PASS,14.4,38,80,M249 SAW,20,MARKSMAN,Some College,TS/SCI,NO,YES,NO,M2A3 Bradley,Purple Heart,None,Highly Qualified,2019-06-22,Profile,YES,1119,Retained
US-0167,Thompson,Kevin,M,44,IL,SPC,E3,25U,Signal Support Specialist,Signal,CAB,1-82 FA,Echo,HQ PLT,2007-01-04,17.4,Transition,OIF,Iraq,13,2,2259,1667,422,4348,594,PASS,15.5,40,52,M4 Carbine,40,EXPERT,Some College,TS/SCI,NO,NO,YES,None,Bronze Star Medal,None,Needs Improvement,2023-05-04,Medical Hold,YES,-149,ETS Eligible
US-0168,Thompson,Marcus,M,27,OH,SGT,E5,25B,IT Specialist,Signal,3rd BCT,1-8 CAV,Charlie,1st PLT,2011-11-05,12.6,Medical Hold,KFOR,Kosovo,15,2,2730,846,422,3998,394,PASS,14.3,54,43,M240B,33,SHARPSHOOTER,MA/MS Degree,None,NO,YES,YES,None,Expert Infantryman Badge,Combat Infantry Badge,Highly Qualified,2011-03-10,Medical Hold,YES,-228,ETS Eligible
US-0169,Anderson,Lauren,F,30,NC,1LT,O2,25B,IT Specialist,Signal,1st BCT,1-8 CAV,Charlie,4th PLT,2010-03-09,14.2,Active Duty,KFOR,Kosovo,3,0,4188,1446,266,5900,385,PASS,19.9,54,35,M249 SAW,32,SHARPSHOOTER,HS Diploma,Secret,NO,NO,NO,M1126 Stryker,Expert Infantryman Badge,None,Highly Qualified,2024-01-09,Medical Hold,YES,738,Retained
US-0170,Williams,Brandon,M,24,NY,1SG,E8,94F,Special Electronic Devices Repairer,Maintenance,CAB,1-8 CAV,HHC,3rd PLT,2010-01-22,14.4,Transition,OEF,Afghanistan,10,1,4739,0,422,5161,406,PASS,13.2,44,63,M9 Pistol,23,MARKSMAN,MA/MS Degree,Top Secret,NO,NO,NO,M1126 Stryker,Airborne Badge,None,Needs Improvement,2021-10-01,Profile,YES,53,ETS Eligible
US-0171,Davis,Amanda,F,18,MI,SSG,E6,35F,Intelligence Analyst,Intelligence,1st BCT,15th BSB,HHC,1st PLT,2009-02-17,15.3,Attached,OIR,Iraq/Syria,4,0,2980,860,422,4262,445,PASS,20,46,56,M9 Pistol,39,EXPERT,MA/MS Degree,Secret,YES,YES,NO,LMTV,None,Bronze Star Medal,Qualified,2014-03-07,Medical Hold,YES,451,Retained
US-0172,Jackson,James,M,41,OH,SPC,E3,19D,Cavalry Scout,Combat,CAB,3-66 AR,HHC,HQ PLT,2015-07-08,8.9,Attached,JRTC Rotation,Fort Johnson,0,0,2259,2130,422,4811,532,PASS,14.1,44,61,M249 SAW,21,MARKSMAN,Some College,None,NO,NO,NO,None,Combat Medic Badge,None,Outstanding,2019-12-05,Fit for Duty,YES,1506,Retained
US-0173,Thompson,Carlos,M,32,AZ,MAJ,O4,42A,Human Resources Specialist,Admin,1st BCT,21st BSB,Echo,4th PLT,2021-02-25,3.3,Transition,OIR,Iraq/Syria,12,2,5696,0,266,5962,311,FAIL,16.9,48,59,M249 SAW,32,SHARPSHOOTER,AA Degree,TS/SCI,YES,YES,NO,HMMWV,Air Assault Badge,None,Highly Qualified,2022-08-26,Medical Hold,YES,-277,ETS Eligible
US-0174,King,Carlos,M,40,GA,LTC,O5,11C,Indirect Fire Infantry,Combat,DISCOM,15th BSB,Alpha,2nd PLT,2022-06-20,1.9,Active Duty,Peacetime,CONUS,0,0,6618,0,266,6884,302,FAIL,15.8,40,58,M249 SAW,30,SHARPSHOOTER,HS Diploma,Top Secret,NO,NO,NO,FMTV,Airborne Badge,Combat Medic Badge,Outstanding,2024-01-14,Fit for Duty,NO,-151,ETS Eligible
US-0175,Walker,Keisha,F,18,MI,SSG,E6,42A,Human Resources Specialist,Admin,DIVARTY,3-16 FA,Alpha,2nd PLT,2012-07-08,11.9,Leave,Peacetime,CONUS,0,0,2980,0,422,3402,316,FAIL,13.9,29,41,M9 Pistol,25,MARKSMAN,AA Degree,Secret,YES,YES,NO,HMMWV,Bronze Star Medal,Expert Infantryman Badge,Needs Improvement,2024-03-10,Fit for Duty,YES,-477,ETS Eligible
US-0176,Wilson,Jessica,F,19,GA,COL,O6,68W,Combat Medic,Medical,CAB,87th BSB,Alpha,HQ PLT,2018-06-18,6,Attached,OIF,Iraq,7,1,7668,1920,266,9854,315,FAIL,17.8,55,43,M249 SAW,20,MARKSMAN,BA/BS Degree,None,NO,NO,YES,None,Army Commendation Medal,Army Commendation Medal,Qualified,2021-03-10,Profile,YES,226,Retained
US-0177,Allen,Keisha,F,21,IN,1LT,O2,94F,Special Electronic Devices Repairer,Maintenance,1st BCT,2-5 CAV,Foxtrot,3rd PLT,2012-03-29,12.2,Transition,OIR,Iraq/Syria,12,2,4188,938,266,5392,531,PASS,19.7,24,48,M249 SAW,19,MARKSMAN,MA/MS Degree,Secret,NO,NO,YES,FMTV,None,Purple Heart,Outstanding,2018-06-10,Fit for Duty,YES,1249,Retained
US-0178,Walker,Brandon,M,31,CA,1LT,O2,94F,Special Electronic Devices Repairer,Maintenance,2nd BCT,21st BSB,HHC,4th PLT,2016-08-28,7.8,Leave,JRTC Rotation,Fort Johnson,0,0,4188,2094,266,6548,409,PASS,16.7,31,69,M240B,22,MARKSMAN,AA Degree,None,NO,NO,NO,FMTV,Army Commendation Medal,None,Outstanding,2018-05-19,Medical Hold,YES,-454,ETS Eligible
US-0179,Anderson,Derek,M,38,MO,SPC,E3,25U,Signal Support Specialist,Signal,3rd BCT,15th BSB,HHC,3rd PLT,2022-03-16,2.2,Medical Hold,OIF,Iraq,3,0,2259,1482,422,4163,304,FAIL,15.9,56,69,M249 SAW,22,MARKSMAN,MA/MS Degree,None,NO,NO,NO,HMMWV,Purple Heart,None,Outstanding,2022-04-25,Medical Hold,YES,1634,Retained
US-0180,Hall,Jason,M,20,AL,PVT,E1,13F,Fire Support Specialist,Combat Support,DIVARTY,1-4 AVN,Charlie,3rd PLT,2006-06-27,17.9,Leave,OEF,Afghanistan,8,1,1917,863,422,3202,374,PASS,20.9,60,64,M9 Pistol,21,MARKSMAN,Some College,Top Secret,YES,NO,NO,M1126 Stryker,Airborne Badge,None,Needs Improvement,2010-11-06,Medical Hold,YES,1650,Retained
US-0181,Brown,Aaron,M,32,AZ,1LT,O2,31B,Military Police,Law Enforcement,1st BCT,1-41 IN,Alpha,4th PLT,2016-05-08,8.1,Attached,OIF,Iraq,15,2,4188,0,266,4454,558,PASS,14.1,79,60,M240B,40,EXPERT,MA/MS Degree,Secret,NO,NO,YES,None,Purple Heart,None,Highly Qualified,2016-06-29,Fit for Duty,YES,-144,ETS Eligible
US-0182,Williams,Carlos,M,35,SC,CPL,E4,88M,Motor Transport Operator,Logistics,DISCOM,2-4 AVN,Charlie,1st PLT,2017-12-15,6.5,Deployed,NTC Rotation,Fort Irwin,0,0,2504,0,422,2926,431,PASS,15.2,32,48,M240B,40,EXPERT,HS Diploma,Top Secret,YES,YES,NO,LMTV,Expert Infantryman Badge,Bronze Star Medal,Qualified,2020-07-28,Profile,YES,610,Retained
US-0183,Allen,Derek,M,44,OH,MSG,E8,12B,Combat Engineer,Combat Support,1st BCT,2-12 IN,HHC,3rd PLT,2017-02-15,7.3,Leave,KFOR,Kosovo,1,0,4739,0,422,5161,344,FAIL,16.5,63,33,M9 Pistol,17,MARKSMAN,MA/MS Degree,TS/SCI,NO,NO,NO,HMMWV,Army Achievement Medal,None,Qualified,2023-05-15,Fit for Duty,YES,39,ETS Eligible
US-0184,Brown,Carlos,M,27,TN,LTC,O5,25U,Signal Support Specialist,Signal,DISCOM,1-4 AVN,Echo,4th PLT,2015-07-22,8.9,Active Duty,OEF,Afghanistan,7,1,6618,1094,266,7978,459,PASS,20.3,45,41,M240B,30,SHARPSHOOTER,MA/MS Degree,Top Secret,NO,NO,NO,HMMWV,Expert Infantryman Badge,None,Outstanding,2024-03-02,Profile,YES,-62,ETS Eligible
US-0185,Taylor,DeShawn,M,37,MO,LTC,O5,42A,Human Resources Specialist,Admin,DIVARTY,3-16 FA,Bravo,HQ PLT,2010-06-20,13.9,Deployed,Peacetime,CONUS,0,0,6618,1125,266,8009,592,PASS,15.8,41,43,M9 Pistol,29,MARKSMAN,AA Degree,None,NO,YES,NO,M2A3 Bradley,Airborne Badge,Air Assault Badge,Qualified,2016-11-28,Fit for Duty,YES,1162,Retained
US-0186,Wright,Tyler,M,31,TN,CPT,O3,35F,Intelligence Analyst,Intelligence,CAB,1-4 AVN,Echo,1st PLT,2007-01-12,17.4,Leave,OEF,Afghanistan,4,0,4836,0,266,5102,521,PASS,18.9,62,39,M240B,28,MARKSMAN,HS Diploma,Top Secret,NO,NO,NO,LMTV,Airborne Badge,Combat Medic Badge,Qualified,2016-01-25,Fit for Duty,YES,22,ETS Eligible
US-0187,Jackson,Marcus,M,24,KY,PFC,E2,11B,Infantry,Combat,DISCOM,15th BSB,Foxtrot,3rd PLT,2007-06-18,17,Transition,NTC Rotation,Fort Irwin,0,0,2149,0,422,2571,491,PASS,14.5,64,67,M240B,38,EXPERT,BA/BS Degree,Secret,NO,NO,NO,M2A3 Bradley,Meritorious Service Medal,None,Outstanding,2013-06-21,Medical Hold,YES,14,ETS Eligible
US-0188,Martinez,James,M,23,CO,PVT,E1,12B,Combat Engineer,Combat Support,DISCOM,87th BSB,Echo,4th PLT,2008-01-18,16.4,Transition,OIF,Iraq,4,0,1917,2115,422,4454,599,PASS,19.8,77,80,M9 Pistol,35,SHARPSHOOTER,MA/MS Degree,TS/SCI,NO,NO,NO,FMTV,Combat Infantry Badge,None,Outstanding,2013-04-23,Fit for Duty,YES,1555,Retained
US-0189,Hall,Elijah,M,43,IN,1LT,O2,11B,Infantry,Combat,1st BCT,21st BSB,Delta,3rd PLT,2007-07-17,16.9,Deployed,Peacetime,CONUS,0,0,4188,0,266,4454,433,PASS,13.7,66,63,M9 Pistol,32,SHARPSHOOTER,AA Degree,TS/SCI,YES,NO,NO,LMTV,Army Achievement Medal,Airborne Badge,Highly Qualified,2024-06-17,Fit for Duty,YES,-456,ETS Eligible
US-0190,Walker,Danielle,F,18,VA,COL,O6,92A,Automated Logistical Specialist,Logistics,DISCOM,1-82 FA,Delta,3rd PLT,2022-11-27,1.5,Transition,OIR,Iraq/Syria,9,1,7668,0,266,7934,445,PASS,18.4,58,77,M240B,17,MARKSMAN,BA/BS Degree,None,NO,NO,NO,None,None,None,Qualified,2022-06-07,Fit for Duty,NO,638,Retained
US-0191,Young,Luis,M,42,AZ,1SG,E8,25U,Signal Support Specialist,Signal,3rd BCT,1-8 CAV,Echo,1st PLT,2018-07-18,5.9,Active Duty,OEF,Afghanistan,4,0,4739,2149,422,7310,410,PASS,15.6,31,46,M9 Pistol,21,MARKSMAN,Some College,Secret,NO,NO,NO,M2A3 Bradley,None,Army Commendation Medal,Needs Improvement,2020-05-13,Limited Duty,YES,913,Retained
US-0192,Brown,Brandon,M,34,CA,PFC,E2,12B,Combat Engineer,Combat Support,CAB,3-16 FA,Delta,3rd PLT,2015-09-07,8.7,Attached,JRTC Rotation,Fort Johnson,0,0,2149,0,422,2571,532,PASS,15.7,65,54,M240B,20,MARKSMAN,HS Diploma,TS/SCI,NO,NO,NO,HMMWV,Air Assault Badge,Army Commendation Medal,Needs Improvement,2021-11-05,Medical Hold,YES,616,Retained
US-0193,Anderson,Brandon,M,29,IL,CPL,E4,25U,Signal Support Specialist,Signal,DISCOM,21st BSB,Delta,4th PLT,2022-05-05,2.1,Medical Hold,JRTC Rotation,Fort Johnson,0,0,2504,0,422,2926,382,PASS,16.9,63,74,M240B,33,SHARPSHOOTER,AA Degree,None,YES,NO,NO,None,Army Commendation Medal,Army Achievement Medal,Highly Qualified,2022-02-18,Medical Hold,YES,-124,ETS Eligible
US-0194,Young,Michael,M,30,AZ,CPL,E4,19D,Cavalry Scout,Combat,1st BCT,2-5 CAV,Foxtrot,HQ PLT,2007-12-01,16.5,TDY,KFOR,Kosovo,5,0,2504,0,422,2926,328,FAIL,14.7,49,72,M9 Pistol,24,MARKSMAN,AA Degree,Secret,YES,NO,YES,None,None,None,Needs Improvement,2012-12-08,Fit for Duty,YES,228,Retained
US-0195,Robinson,Monique,F,19,AZ,SFC,E7,92A,Automated Logistical Specialist,Logistics,CAB,3-66 AR,Echo,4th PLT,2007-06-08,17,Active Duty,OEF,Afghanistan,13,2,3294,0,422,3716,342,FAIL,20.3,65,46,M4 Carbine,18,MARKSMAN,AA Degree,TS/SCI,NO,NO,YES,HMMWV,Army Achievement Medal,Bronze Star Medal,Outstanding,2019-11-21,Profile,YES,-485,ETS Eligible
US-0196,Clark,Danielle,F,23,KY,CPT,O3,25B,IT Specialist,Signal,DISCOM,2-5 CAV,HHC,2nd PLT,2005-01-28,19.3,Attached,KFOR,Kosovo,15,2,4836,1048,266,6150,318,FAIL,15.3,39,55,M4 Carbine,27,MARKSMAN,HS Diploma,TS/SCI,NO,NO,NO,M1126 Stryker,Air Assault Badge,Purple Heart,Highly Qualified,2020-08-10,Limited Duty,YES,1097,Retained
US-0197,Robinson,Nathan,M,43,CA,SPC,E3,94F,Special Electronic Devices Repairer,Maintenance,DISCOM,87th BSB,Echo,2nd PLT,2008-02-21,16.3,Active Duty,OIF,Iraq,6,1,2259,0,422,2681,566,PASS,16.7,24,80,M240B,31,SHARPSHOOTER,BA/BS Degree,None,NO,YES,NO,None,Air Assault Badge,None,Outstanding,2022-08-31,Fit for Duty,YES,1642,Retained
US-0198,Hall,Lauren,F,37,NC,SGT,E5,19D,Cavalry Scout,Combat,DIVARTY,1-41 IN,Alpha,1st PLT,2021-06-30,2.9,Leave,OEF,Afghanistan,15,2,2730,0,422,3152,313,FAIL,16.5,78,69,M249 SAW,38,EXPERT,MA/MS Degree,None,NO,YES,NO,M1A2 Abrams,None,None,Qualified,2021-08-22,Fit for Duty,YES,1536,Retained
US-0199,Wilson,DeShawn,M,35,NC,MAJ,O4,35F,Intelligence Analyst,Intelligence,DISCOM,1-4 AVN,Delta,3rd PLT,2007-09-17,16.7,TDY,JRTC Rotation,Fort Johnson,0,0,5696,0,266,5962,399,PASS,15.2,81,80,M4 Carbine,34,SHARPSHOOTER,BA/BS Degree,Secret,NO,YES,NO,M1A2 Abrams,Combat Infantry Badge,None,Highly Qualified,2009-12-28,Profile,YES,-91,ETS Eligible
US-0200,Garcia,Amanda,F,38,VA,PVT,E1,94F,Special Electronic Devices Repairer,Maintenance,CAB,2-5 CAV,Alpha,1st PLT,2009-01-09,15.4,Transition,OIF,Iraq,9,1,1917,1652,422,3991,428,PASS,18.4,33,39,M9 Pistol,29,MARKSMAN,AA Degree,Secret,NO,NO,YES,None,Combat Medic Badge,Airborne Badge,Highly Qualified,2014-04-15,Limited Duty,YES,286,Retained
US-0201,Young,Tyler,M,26,WA,1LT,O2,25B,IT Specialist,Signal,DIVARTY,15th BSB,Bravo,4th PLT,2022-04-12,2.1,Active Duty,JRTC Rotation,Fort Johnson,0,0,4188,0,266,4454,366,PASS,14.8,32,37,M9 Pistol,31,SHARPSHOOTER,MA/MS Degree,Top Secret,NO,YES,NO,None,Combat Infantry Badge,None,Highly Qualified,2022-04-18,Limited Duty,YES,1701,Retained
US-0202,Johnson,Aaron,M,33,IN,COL,O6,88M,Motor Transport Operator,Logistics,1st BCT,2-5 CAV,Bravo,4th PLT,2018-04-18,6.1,Attached,Peacetime,CONUS,0,0,7668,1467,266,9401,407,PASS,14.2,63,50,M4 Carbine,26,MARKSMAN,BA/BS Degree,Secret,NO,YES,YES,M2A3 Bradley,Combat Medic Badge,None,Outstanding,2020-06-04,Fit for Duty,YES,1363,Retained
US-0203,Jackson,Travis,M,23,IN,SGT,E5,68W,Combat Medic,Medical,DISCOM,1-41 IN,Echo,3rd PLT,2011-01-19,13.4,Deployed,OEF,Afghanistan,10,1,2730,0,422,3152,359,FAIL,18.4,23,47,M4 Carbine,30,SHARPSHOOTER,MA/MS Degree,Top Secret,NO,NO,NO,None,Expert Infantryman Badge,None,Needs Improvement,2022-09-14,Profile,YES,1503,Retained
US-0204,Lewis,Ryan,M,33,GA,1SG,E8,11B,Infantry,Combat,DISCOM,3-16 FA,Echo,2nd PLT,2010-07-24,13.9,Leave,OIR,Iraq/Syria,13,2,4739,0,422,5161,583,PASS,20.1,57,39,M4 Carbine,29,MARKSMAN,BA/BS Degree,None,NO,NO,NO,None,Army Commendation Medal,None,Outstanding,2022-07-12,Limited Duty,YES,-450,ETS Eligible
US-0205,Davis,Jessica,F,45,FL,1LT,O2,25U,Signal Support Specialist,Signal,2nd BCT,1-4 AVN,Alpha,1st PLT,2015-10-06,8.7,Deployed,JRTC Rotation,Fort Johnson,0,0,4188,0,266,4454,588,PASS,18.5,74,66,M4 Carbine,30,SHARPSHOOTER,BA/BS Degree,Top Secret,NO,NO,YES,M1126 Stryker,Expert Infantryman Badge,None,Outstanding,2019-10-11,Medical Hold,YES,605,Retained
US-0206,Young,DeShawn,M,45,OH,2LT,O1,19D,Cavalry Scout,Combat,1st BCT,15th BSB,Echo,3rd PLT,2006-02-27,18.3,Deployed,OIF,Iraq,12,2,3637,1548,266,5451,379,PASS,17.8,43,53,M4 Carbine,33,SHARPSHOOTER,Some College,None,NO,NO,NO,None,None,Combat Infantry Badge,Needs Improvement,2011-12-31,Medical Hold,YES,1562,Retained
US-0207,Williams,Brianna,F,23,VA,SPC,E3,35F,Intelligence Analyst,Intelligence,3rd BCT,87th BSB,Delta,HQ PLT,2016-10-24,7.6,Deployed,NTC Rotation,Fort Irwin,0,0,2259,1051,422,3732,439,PASS,18.5,63,64,M9 Pistol,35,SHARPSHOOTER,HS Diploma,TS/SCI,YES,YES,NO,None,Purple Heart,None,Highly Qualified,2017-04-03,Fit for Duty,YES,106,ETS Eligible
US-0208,Wilson,Sarah,F,22,VA,PVT,E1,25U,Signal Support Specialist,Signal,CAB,1-4 AVN,HHC,2nd PLT,2015-08-19,8.8,Medical Hold,OIR,Iraq/Syria,13,2,1917,0,422,2339,408,PASS,15,24,31,M240B,29,MARKSMAN,Some College,TS/SCI,NO,NO,NO,None,Airborne Badge,None,Needs Improvement,2019-03-04,Medical Hold,YES,680,Retained
US-0209,Jackson,Luis,M,29,MO,SGM,E9,68W,Combat Medic,Medical,2nd BCT,21st BSB,Bravo,HQ PLT,2011-05-26,13,Transition,OEF,Afghanistan,5,0,5473,0,422,5895,452,PASS,13.9,27,32,M249 SAW,30,SHARPSHOOTER,MA/MS Degree,None,NO,NO,NO,M1A2 Abrams,Bronze Star Medal,None,Qualified,2011-07-24,Profile,YES,1157,Retained
US-0210,Davis,Amanda,F,30,MI,LTC,O5,94F,Special Electronic Devices Repairer,Maintenance,3rd BCT,3-66 AR,Alpha,HQ PLT,2016-05-19,8,Active Duty,OIR,Iraq/Syria,9,1,6618,1770,266,8654,365,PASS,20.7,68,66,M9 Pistol,26,MARKSMAN,Some College,Secret,YES,NO,YES,None,None,None,Outstanding,2019-08-29,Limited Duty,YES,-275,ETS Eligible
US-0211,Anderson,Kevin,M,29,TN,SFC,E7,11B,Infantry,Combat,1st BCT,15th BSB,Foxtrot,4th PLT,2020-03-09,4.2,TDY,JRTC Rotation,Fort Johnson,0,0,3294,978,422,4694,599,PASS,14.2,40,68,M4 Carbine,37,EXPERT,AA Degree,TS/SCI,NO,YES,NO,M1A2 Abrams,Purple Heart,None,Outstanding,2021-03-17,Limited Duty,YES,1319,Retained
US-0212,Lewis,Amanda,F,32,IN,SGM,E9,12B,Combat Engineer,Combat Support,DISCOM,3-16 FA,Echo,4th PLT,2008-02-18,16.3,Medical Hold,NTC Rotation,Fort Irwin,0,0,5473,0,422,5895,558,PASS,13.7,39,60,M240B,18,MARKSMAN,Some College,Top Secret,NO,YES,NO,None,Airborne Badge,Army Achievement Medal,Highly Qualified,2016-07-24,Profile,YES,685,Retained
US-0213,Taylor,Ashley,F,33,FL,SGM,E9,68W,Combat Medic,Medical,DIVARTY,2-4 AVN,Delta,2nd PLT,2005-08-08,18.8,Medical Hold,NTC Rotation,Fort Irwin,0,0,5473,0,422,5895,531,PASS,14.7,81,70,M4 Carbine,36,EXPERT,MA/MS Degree,Secret,YES,YES,NO,LMTV,None,Meritorious Service Medal,Qualified,2014-10-13,Medical Hold,YES,556,Retained
US-0214,Brown,Keisha,F,34,FL,1LT,O2,88M,Motor Transport Operator,Logistics,DISCOM,21st BSB,Alpha,3rd PLT,2008-08-27,15.8,Leave,Peacetime,CONUS,0,0,4188,0,266,4454,359,FAIL,15.2,76,74,M240B,21,MARKSMAN,MA/MS Degree,Top Secret,YES,NO,NO,M2A3 Bradley,Army Commendation Medal,None,Outstanding,2010-02-13,Profile,YES,184,Retained
US-0215,Wright,Jason,M,25,OH,SGM,E9,25U,Signal Support Specialist,Signal,DISCOM,2-4 AVN,Echo,3rd PLT,2007-02-25,17.3,Deployed,Peacetime,CONUS,0,0,5473,1987,422,7882,555,PASS,19.5,20,38,M240B,27,MARKSMAN,MA/MS Degree,None,NO,YES,NO,M1A2 Abrams,None,None,Needs Improvement,2009-08-12,Fit for Duty,YES,37,ETS Eligible
US-0216,Jackson,Ryan,M,31,GA,SGM,E9,19D,Cavalry Scout,Combat,3rd BCT,3-66 AR,Foxtrot,4th PLT,2018-05-28,6,TDY,Peacetime,CONUS,0,0,5473,0,422,5895,350,FAIL,18.5,21,77,M249 SAW,20,MARKSMAN,HS Diploma,Secret,NO,YES,YES,HMMWV,None,None,Qualified,2018-06-24,Fit for Duty,YES,304,Retained
US-0217,Wright,Marcus,M,45,SC,PFC,E2,68W,Combat Medic,Medical,1st BCT,2-12 IN,Alpha,1st PLT,2011-10-08,12.6,Deployed,JRTC Rotation,Fort Johnson,0,0,2149,0,422,2571,395,PASS,19.2,78,68,M249 SAW,21,MARKSMAN,MA/MS Degree,Top Secret,NO,NO,NO,M1A2 Abrams,None,None,Highly Qualified,2013-03-22,Profile,YES,-443,ETS Eligible
US-0218,Taylor,Michael,M,21,SC,SSG,E6,94F,Special Electronic Devices Repairer,Maintenance,DIVARTY,1-8 CAV,Echo,1st PLT,2009-10-20,14.6,Medical Hold,Peacetime,CONUS,0,0,2980,1772,422,5174,344,FAIL,18.4,31,58,M249 SAW,27,MARKSMAN,Some College,None,NO,YES,NO,FMTV,Meritorious Service Medal,None,Qualified,2015-06-20,Limited Duty,YES,1782,Retained
US-0219,Moore,DeShawn,M,34,FL,COL,O6,11C,Indirect Fire Infantry,Combat,CAB,2-12 IN,Delta,HQ PLT,2021-07-06,2.9,Leave,OIR,Iraq/Syria,14,2,7668,1262,266,9196,386,PASS,15,74,57,M4 Carbine,31,SHARPSHOOTER,HS Diploma,TS/SCI,YES,NO,NO,None,None,None,Highly Qualified,2024-11-24,Profile,YES,-84,ETS Eligible
US-0220,Jackson,DeShawn,M,22,MO,SFC,E7,35F,Intelligence Analyst,Intelligence,2nd BCT,21st BSB,Foxtrot,4th PLT,2007-10-03,16.7,Medical Hold,OEF,Afghanistan,13,2,3294,1822,422,5538,593,PASS,19,69,67,M240B,40,EXPERT,HS Diploma,TS/SCI,NO,NO,NO,None,None,Meritorious Service Medal,Needs Improvement,2018-02-25,Fit for Duty,YES,445,Retained
US-0221,Brown,James,M,18,CA,PFC,E2,25B,IT Specialist,Signal,1st BCT,87th BSB,Echo,1st PLT,2009-01-07,15.4,Medical Hold,KFOR,Kosovo,10,1,2149,1112,422,3683,329,FAIL,17.8,26,78,M9 Pistol,30,SHARPSHOOTER,BA/BS Degree,Top Secret,NO,NO,NO,None,Combat Medic Badge,None,Outstanding,2016-01-21,Fit for Duty,YES,1041,Retained
US-0222,Williams,Danielle,F,33,IN,PFC,E2,12B,Combat Engineer,Combat Support,DIVARTY,1-4 AVN,Foxtrot,3rd PLT,2020-11-02,3.6,Medical Hold,OEF,Afghanistan,15,2,2149,0,422,2571,346,FAIL,15.2,44,61,M9 Pistol,37,EXPERT,BA/BS Degree,Secret,YES,NO,NO,M1126 Stryker,Air Assault Badge,Airborne Badge,Outstanding,2021-10-18,Medical Hold,YES,-249,ETS Eligible
US-0223,Davis,Marcus,M,23,TX,1LT,O2,35F,Intelligence Analyst,Intelligence,DISCOM,21st BSB,Alpha,3rd PLT,2013-07-15,10.9,Leave,OIF,Iraq,13,2,4188,1506,266,5960,415,PASS,16,23,72,M249 SAW,23,MARKSMAN,MA/MS Degree,None,NO,YES,NO,None,None,None,Highly Qualified,2022-06-23,Medical Hold,YES,1608,Retained
US-0224,Johnson,Brianna,F,27,PA,COL,O6,92A,Automated Logistical Specialist,Logistics,1st BCT,1-82 FA,Delta,HQ PLT,2013-10-03,10.7,Deployed,OIR,Iraq/Syria,3,0,7668,0,266,7934,544,PASS,18.4,33,51,M240B,21,MARKSMAN,HS Diploma,TS/SCI,YES,NO,NO,HMMWV,Airborne Badge,None,Outstanding,2018-01-25,Medical Hold,YES,-124,ETS Eligible
US-0225,Anderson,Jason,M,45,NC,SPC,E3,92A,Automated Logistical Specialist,Logistics,DIVARTY,87th BSB,Delta,2nd PLT,2012-10-16,11.6,Leave,NTC Rotation,Fort Irwin,0,0,2259,957,422,3638,566,PASS,16.8,39,57,M240B,22,MARKSMAN,MA/MS Degree,Secret,YES,NO,NO,None,Meritorious Service Medal,None,Outstanding,2022-06-25,Limited Duty,YES,597,Retained
US-0226,King,Maria,F,18,IL,PFC,E2,88M,Motor Transport Operator,Logistics,2nd BCT,1-82 FA,Delta,2nd PLT,2010-05-24,14,Medical Hold,OEF,Afghanistan,9,1,2149,1691,422,4262,394,PASS,15.2,73,34,M9 Pistol,24,MARKSMAN,AA Degree,Secret,YES,YES,NO,HMMWV,Bronze Star Medal,Bronze Star Medal,Qualified,2019-06-20,Limited Duty,YES,-349,ETS Eligible
US-0227,Anderson,Aaron,M,41,SC,SGT,E5,11B,Infantry,Combat,3rd BCT,2-12 IN,Echo,HQ PLT,2008-12-12,15.5,Medical Hold,JRTC Rotation,Fort Johnson,0,0,2730,886,422,4038,450,PASS,19.1,23,35,M240B,18,MARKSMAN,HS Diploma,Secret,NO,YES,NO,M1A2 Abrams,Meritorious Service Medal,None,Highly Qualified,2013-05-04,Medical Hold,YES,0,ETS Eligible
US-0228,Allen,Jason,M,26,NY,CPT,O3,31B,Military Police,Law Enforcement,DISCOM,2-4 AVN,Bravo,4th PLT,2009-11-21,14.5,TDY,OEF,Afghanistan,3,0,4836,0,266,5102,420,PASS,20.7,48,56,M4 Carbine,31,SHARPSHOOTER,AA Degree,TS/SCI,NO,NO,NO,M1126 Stryker,Air Assault Badge,None,Highly Qualified,2009-06-22,Limited Duty,YES,-358,ETS Eligible
US-0229,Anderson,Kevin,M,43,CO,CPT,O3,25U,Signal Support Specialist,Signal,DISCOM,2-4 AVN,Charlie,1st PLT,2016-12-30,7.4,Attached,NTC Rotation,Fort Irwin,0,0,4836,1284,266,6386,420,PASS,15.8,78,55,M240B,18,MARKSMAN,HS Diploma,Secret,NO,NO,NO,HMMWV,None,None,Qualified,2021-04-13,Medical Hold,YES,1191,Retained
US-0230,Brown,Elijah,M,20,GA,SSG,E6,19D,Cavalry Scout,Combat,3rd BCT,15th BSB,Alpha,3rd PLT,2014-06-10,10,Medical Hold,Peacetime,CONUS,0,0,2980,1921,422,5323,316,FAIL,16.4,21,78,M249 SAW,36,EXPERT,Some College,Secret,NO,NO,NO,FMTV,Expert Infantryman Badge,Combat Infantry Badge,Highly Qualified,2022-07-23,Profile,YES,32,ETS Eligible
US-0231,Moore,Amanda,F,26,NC,LTC,O5,68W,Combat Medic,Medical,DISCOM,3-66 AR,Charlie,2nd PLT,2020-06-02,4,Transition,Peacetime,CONUS,0,0,6618,1470,266,8354,383,PASS,14.2,46,53,M9 Pistol,28,MARKSMAN,HS Diploma,Secret,YES,NO,NO,LMTV,Airborne Badge,None,Highly Qualified,2021-06-16,Limited Duty,YES,111,ETS Eligible
US-0232,Garcia,Nathan,M,31,NC,CPL,E4,11B,Infantry,Combat,DISCOM,15th BSB,Delta,4th PLT,2020-02-10,4.3,Attached,KFOR,Kosovo,3,0,2504,0,422,2926,426,PASS,14.1,75,80,M240B,39,EXPERT,BA/BS Degree,Secret,NO,NO,NO,None,Expert Infantryman Badge,None,Outstanding,2021-06-20,Profile,YES,464,Retained
US-0233,Jackson,Jessica,F,37,AZ,LTC,O5,11C,Indirect Fire Infantry,Combat,1st BCT,87th BSB,Bravo,3rd PLT,2020-07-18,3.9,Transition,KFOR,Kosovo,6,1,6618,1585,266,8469,338,FAIL,18.8,36,34,M4 Carbine,17,MARKSMAN,AA Degree,None,YES,NO,NO,M2A3 Bradley,Purple Heart,Expert Infantryman Badge,Needs Improvement,2023-02-19,Limited Duty,YES,-332,ETS Eligible
US-0234,Garcia,Brandon,M,28,AL,COL,O6,94F,Special Electronic Devices Repairer,Maintenance,3rd BCT,87th BSB,Bravo,1st PLT,2012-02-13,12.3,TDY,JRTC Rotation,Fort Johnson,0,0,7668,1886,266,9820,312,FAIL,13.7,27,50,M249 SAW,31,SHARPSHOOTER,Some College,Top Secret,NO,NO,NO,None,Bronze Star Medal,Meritorious Service Medal,Needs Improvement,2015-05-02,Limited Duty,YES,-277,ETS Eligible
US-0235,Williams,Aaron,M,41,SC,COL,O6,25U,Signal Support Specialist,Signal,2nd BCT,2-4 AVN,Delta,4th PLT,2007-08-09,16.8,Active Duty,KFOR,Kosovo,1,0,7668,1704,266,9638,524,PASS,20.9,55,61,M9 Pistol,19,MARKSMAN,AA Degree,Secret,NO,YES,NO,M1A2 Abrams,None,Army Achievement Medal,Needs Improvement,2018-10-19,Profile,YES,239,Retained
US-0236,Thompson,Monique,F,38,MI,COL,O6,15T,UH-60 Helicopter Repairer,Aviation,1st BCT,1-82 FA,Alpha,3rd PLT,2020-04-13,4.1,Medical Hold,JRTC Rotation,Fort Johnson,0,0,7668,1049,266,8983,455,PASS,15.7,79,36,M249 SAW,16,MARKSMAN,BA/BS Degree,Top Secret,YES,NO,YES,FMTV,Army Achievement Medal,None,Outstanding,2024-06-20,Medical Hold,YES,29,ETS Eligible
US-0237,King,Marcus,M,43,CO,SGM,E9,35F,Intelligence Analyst,Intelligence,1st BCT,2-4 AVN,Alpha,HQ PLT,2018-07-05,5.9,TDY,KFOR,Kosovo,2,0,5473,1616,422,7511,494,PASS,14,81,79,M4 Carbine,16,MARKSMAN,AA Degree,Secret,YES,NO,NO,None,Combat Medic Badge,None,Outstanding,2019-01-29,Profile,YES,1005,Retained
US-0238,Lewis,Ryan,M,38,SC,CPT,O3,68W,Combat Medic,Medical,3rd BCT,21st BSB,HHC,4th PLT,2007-01-10,17.4,Leave,NTC Rotation,Fort Irwin,0,0,4836,1665,266,6767,508,PASS,17.7,47,70,M4 Carbine,17,MARKSMAN,HS Diploma,Secret,NO,NO,NO,M1A2 Abrams,Air Assault Badge,None,Outstanding,2024-12-23,Medical Hold,YES,1456,Retained
US-0239,Davis,Luis,M,19,FL,SGM,E9,25B,IT Specialist,Signal,2nd BCT,15th BSB,Delta,3rd PLT,2017-10-02,6.7,Active Duty,OIF,Iraq,2,0,5473,0,422,5895,527,PASS,16.8,46,36,M240B,27,MARKSMAN,BA/BS Degree,TS/SCI,NO,YES,NO,None,Bronze Star Medal,None,Highly Qualified,2022-02-07,Medical Hold,YES,1342,Retained
US-0240,Garcia,Jason,M,22,NY,SFC,E7,12B,Combat Engineer,Combat Support,1st BCT,2-4 AVN,HHC,3rd PLT,2020-02-08,4.3,TDY,OIF,Iraq,13,2,3294,0,422,3716,377,PASS,12.5,27,30,M9 Pistol,30,SHARPSHOOTER,HS Diploma,Top Secret,NO,NO,YES,None,None,None,Outstanding,2020-02-02,Profile,YES,270,Retained
US-0241,Robinson,Michael,M,24,VA,SGT,E5,15T,UH-60 Helicopter Repairer,Aviation,2nd BCT,3-16 FA,Foxtrot,HQ PLT,2009-04-13,15.1,Medical Hold,OIF,Iraq,9,1,2730,0,422,3152,375,PASS,16.5,21,37,M249 SAW,39,EXPERT,MA/MS Degree,None,NO,NO,NO,None,None,None,Outstanding,2009-03-06,Limited Duty,YES,-80,ETS Eligible
US-0242,Robinson,Rachel,F,32,CO,SGM,E9,11B,Infantry,Combat,CAB,3-16 FA,Delta,HQ PLT,2018-04-04,6.2,Medical Hold,JRTC Rotation,Fort Johnson,0,0,5473,2052,422,7947,299,FAIL,14.5,23,63,M9 Pistol,34,SHARPSHOOTER,HS Diploma,None,NO,NO,NO,None,Purple Heart,Bronze Star Medal,Outstanding,2020-02-27,Profile,YES,1422,Retained
US-0243,Thompson,Carlos,M,33,GA,MSG,E8,92A,Automated Logistical Specialist,Logistics,DISCOM,1-82 FA,HHC,4th PLT,2007-12-11,16.5,Deployed,OIR,Iraq/Syria,12,2,4739,1653,422,6814,396,PASS,19.3,71,40,M240B,38,EXPERT,BA/BS Degree,Secret,NO,YES,NO,None,None,None,Outstanding,2011-09-12,Limited Duty,YES,1780,Retained
US-0244,Jackson,James,M,37,GA,1SG,E8,35F,Intelligence Analyst,Intelligence,DISCOM,3-66 AR,Bravo,HQ PLT,2005-09-19,18.7,Attached,NTC Rotation,Fort Irwin,0,0,4739,930,422,6091,351,FAIL,16.2,59,44,M249 SAW,31,SHARPSHOOTER,HS Diploma,None,NO,YES,NO,M1A2 Abrams,Bronze Star Medal,None,Needs Improvement,2007-05-18,Limited Duty,YES,-83,ETS Eligible
US-0245,Garcia,Tyler,M,23,FL,CPL,E4,25B,IT Specialist,Signal,2nd BCT,1-82 FA,Bravo,3rd PLT,2020-11-19,3.5,Attached,KFOR,Kosovo,15,2,2504,0,422,2926,352,FAIL,18,41,38,M249 SAW,30,SHARPSHOOTER,AA Degree,TS/SCI,NO,NO,NO,HMMWV,Meritorious Service Medal,Army Commendation Medal,Qualified,2022-01-08,Medical Hold,YES,505,Retained
US-0246,Thompson,Elijah,M,36,CA,SGT,E5,31B,Military Police,Law Enforcement,CAB,3-16 FA,Delta,4th PLT,2016-07-30,7.8,Medical Hold,NTC Rotation,Fort Irwin,0,0,2730,2197,422,5349,295,FAIL,20.5,48,39,M4 Carbine,18,MARKSMAN,MA/MS Degree,None,NO,YES,NO,FMTV,Purple Heart,None,Qualified,2023-11-10,Medical Hold,YES,1767,Retained
US-0247,Jackson,Jason,M,34,KY,PVT,E1,25B,IT Specialist,Signal,3rd BCT,15th BSB,HHC,2nd PLT,2020-09-15,3.7,Active Duty,KFOR,Kosovo,14,2,1917,0,422,2339,516,PASS,20,59,80,M240B,36,EXPERT,AA Degree,Top Secret,NO,NO,NO,None,Meritorious Service Medal,Bronze Star Medal,Highly Qualified,2023-02-04,Profile,YES,778,Retained
US-0248,Johnson,Aaron,M,43,IN,PVT,E1,94F,Special Electronic Devices Repairer,Maintenance,DIVARTY,21st BSB,Charlie,2nd PLT,2022-05-13,2.1,TDY,OIR,Iraq/Syria,13,2,1917,0,422,2339,422,PASS,18.7,73,53,M240B,19,MARKSMAN,MA/MS Degree,None,NO,NO,NO,None,Army Commendation Medal,Army Achievement Medal,Outstanding,2023-08-06,Profile,YES,73,ETS Eligible
US-0249,Thompson,Crystal,F,38,CO,CPL,E4,35F,Intelligence Analyst,Intelligence,DIVARTY,21st BSB,Bravo,3rd PLT,2015-03-11,9.2,Transition,OIF,Iraq,4,0,2504,1671,422,4597,356,FAIL,13.2,23,57,M9 Pistol,22,MARKSMAN,BA/BS Degree,TS/SCI,NO,NO,NO,HMMWV,Expert Infantryman Badge,None,Outstanding,2024-03-28,Limited Duty,YES,167,ETS Eligible
US-0250,Robinson,Luis,M,21,TN,LTC,O5,12B,Combat Engineer,Combat Support,DISCOM,15th BSB,Foxtrot,HQ PLT,2007-08-26,16.8,TDY,JRTC Rotation,Fort Johnson,0,0,6618,1235,266,8119,576,PASS,16.5,67,40,M240B,19,MARKSMAN,AA Degree,Top Secret,YES,NO,NO,None,Airborne Badge,Army Achievement Medal,Highly Qualified,2017-11-24,Medical Hold,YES,-386,ETS Eligible
US-0251,Allen,Luis,M,42,MO,MAJ,O4,11B,Infantry,Combat,3rd BCT,2-12 IN,Bravo,2nd PLT,2021-08-04,2.8,Medical Hold,KFOR,Kosovo,0,0,5696,1050,266,7012,536,PASS,13.1,22,56,M240B,34,SHARPSHOOTER,BA/BS Degree,Secret,NO,NO,NO,M1126 Stryker,Expert Infantryman Badge,None,Outstanding,2021-07-02,Profile,YES,1177,Retained
US-0252,Harris,Jessica,F,21,KY,2LT,O1,88M,Motor Transport Operator,Logistics,1st BCT,1-4 AVN,Delta,3rd PLT,2019-06-28,4.9,Transition,OIF,Iraq,5,0,3637,850,266,4753,576,PASS,17.3,27,71,M4 Carbine,22,MARKSMAN,Some College,Secret,NO,NO,YES,None,Airborne Badge,None,Highly Qualified,2021-04-22,Fit for Duty,YES,504,Retained
US-0253,Hall,Monique,F,31,NC,2LT,O1,42A,Human Resources Specialist,Admin,DIVARTY,1-8 CAV,Delta,1st PLT,2012-08-16,11.8,Deployed,KFOR,Kosovo,5,0,3637,0,266,3903,421,PASS,19.8,40,54,M4 Carbine,19,MARKSMAN,HS Diploma,Top Secret,YES,YES,NO,None,Army Achievement Medal,Bronze Star Medal,Qualified,2013-04-24,Medical Hold,YES,720,Retained
US-0254,Moore,Monique,F,18,PA,SGT,E5,42A,Human Resources Specialist,Admin,3rd BCT,2-12 IN,Delta,1st PLT,2006-03-01,18.3,Active Duty,OEF,Afghanistan,7,1,2730,0,422,3152,487,PASS,16.7,68,62,M4 Carbine,24,MARKSMAN,MA/MS Degree,TS/SCI,YES,NO,NO,None,Army Commendation Medal,None,Outstanding,2018-06-11,Fit for Duty,YES,14,ETS Eligible
US-0255,Lewis,Elijah,M,26,MI,SPC,E3,25B,IT Specialist,Signal,DISCOM,15th BSB,Bravo,2nd PLT,2013-05-17,11,Leave,Peacetime,CONUS,0,0,2259,0,422,2681,521,PASS,17.1,47,65,M4 Carbine,16,MARKSMAN,AA Degree,Secret,YES,YES,NO,FMTV,Expert Infantryman Badge,Airborne Badge,Needs Improvement,2017-10-09,Limited Duty,YES,1590,Retained
US-0256,Garcia,Marcus,M,32,MI,SPC,E3,25U,Signal Support Specialist,Signal,1st BCT,3-16 FA,Echo,1st PLT,2008-02-19,16.3,TDY,JRTC Rotation,Fort Johnson,0,0,2259,1939,422,4620,548,PASS,20,33,69,M240B,37,EXPERT,AA Degree,Secret,NO,NO,NO,M2A3 Bradley,Purple Heart,None,Outstanding,2022-07-01,Fit for Duty,YES,-492,ETS Eligible
US-0257,Johnson,Ashley,F,24,MO,SSG,E6,42A,Human Resources Specialist,Admin,DIVARTY,2-4 AVN,Echo,4th PLT,2022-02-07,2.3,Deployed,KFOR,Kosovo,2,0,2980,0,422,3402,517,PASS,17.1,77,72,M4 Carbine,27,MARKSMAN,HS Diploma,None,YES,NO,NO,M1126 Stryker,Meritorious Service Medal,Purple Heart,Outstanding,2024-01-03,Profile,YES,284,Retained
US-0258,Thompson,Derek,M,41,FL,MSG,E8,68W,Combat Medic,Medical,3rd BCT,1-8 CAV,Charlie,4th PLT,2020-10-16,3.6,Leave,JRTC Rotation,Fort Johnson,0,0,4739,0,422,5161,492,PASS,12.6,82,70,M4 Carbine,24,MARKSMAN,Some College,Secret,YES,NO,NO,M2A3 Bradley,Airborne Badge,Combat Infantry Badge,Qualified,2024-12-09,Medical Hold,YES,1642,Retained
US-0259,Wright,Michael,M,19,PA,PVT,E1,19D,Cavalry Scout,Combat,DISCOM,15th BSB,HHC,3rd PLT,2020-04-08,4.1,Medical Hold,Peacetime,CONUS,0,0,1917,0,422,2339,316,FAIL,20.5,61,73,M240B,29,MARKSMAN,BA/BS Degree,Top Secret,YES,NO,NO,None,Meritorious Service Medal,None,Outstanding,2022-03-13,Limited Duty,YES,297,Retained
US-0260,Allen,DeShawn,M,25,WA,PVT,E1,19D,Cavalry Scout,Combat,2nd BCT,2-4 AVN,Delta,1st PLT,2010-08-10,13.8,Attached,OEF,Afghanistan,5,0,1917,1474,422,3813,304,FAIL,13,60,36,M9 Pistol,29,MARKSMAN,HS Diploma,Top Secret,NO,YES,NO,M2A3 Bradley,None,None,Needs Improvement,2011-08-21,Medical Hold,YES,1296,Retained
US-0261,Allen,Carlos,M,42,CO,CPL,E4,11C,Indirect Fire Infantry,Combat,1st BCT,1-8 CAV,Delta,3rd PLT,2020-07-21,3.9,TDY,OIF,Iraq,4,0,2504,926,422,3852,511,PASS,13,59,70,M4 Carbine,19,MARKSMAN,Some College,TS/SCI,NO,YES,NO,HMMWV,None,None,Highly Qualified,2024-06-16,Fit for Duty,YES,1253,Retained
US-0262,King,Jason,M,43,CA,PVT,E1,68W,Combat Medic,Medical,DIVARTY,1-82 FA,HHC,2nd PLT,2007-06-04,17,Medical Hold,OIF,Iraq,0,0,1917,0,422,2339,583,PASS,17.5,73,42,M249 SAW,36,EXPERT,HS Diploma,TS/SCI,NO,YES,NO,None,Air Assault Badge,None,Outstanding,2016-10-10,Profile,YES,1601,Retained
US-0263,Allen,Derek,M,40,MO,SGT,E5,12B,Combat Engineer,Combat Support,CAB,2-12 IN,HHC,3rd PLT,2011-07-13,12.9,Attached,OIR,Iraq/Syria,0,0,2730,0,422,3152,317,FAIL,13,52,65,M9 Pistol,27,MARKSMAN,MA/MS Degree,None,NO,YES,NO,LMTV,Combat Medic Badge,None,Qualified,2018-07-12,Medical Hold,YES,727,Retained
US-0264,Garcia,Tanya,F,35,GA,CPL,E4,68W,Combat Medic,Medical,1st BCT,87th BSB,Bravo,1st PLT,2019-04-30,5.1,TDY,OEF,Afghanistan,7,1,2504,0,422,2926,459,PASS,14.5,67,79,M9 Pistol,22,MARKSMAN,Some College,None,YES,NO,YES,FMTV,Meritorious Service Medal,None,Highly Qualified,2023-01-14,Medical Hold,YES,-321,ETS Eligible
US-0265,Wilson,Michael,M,29,TN,SGM,E9,12B,Combat Engineer,Combat Support,2nd BCT,2-12 IN,Echo,2nd PLT,2012-08-15,11.8,TDY,NTC Rotation,Fort Irwin,0,0,5473,0,422,5895,424,PASS,14,21,41,M4 Carbine,16,MARKSMAN,Some College,Secret,NO,NO,NO,M1A2 Abrams,None,None,Highly Qualified,2014-08-28,Limited Duty,YES,91,ETS Eligible
US-0266,Wilson,Michael,M,43,AL,CPT,O3,19D,Cavalry Scout,Combat,3rd BCT,1-82 FA,HHC,4th PLT,2019-04-09,5.1,Attached,OEF,Afghanistan,1,0,4836,0,266,5102,366,PASS,19.8,38,80,M240B,23,MARKSMAN,MA/MS Degree,TS/SCI,NO,NO,YES,None,Army Commendation Medal,Bronze Star Medal,Qualified,2023-05-09,Fit for Duty,YES,1585,Retained
US-0267,Walker,Ryan,M,36,NC,LTC,O5,12B,Combat Engineer,Combat Support,3rd BCT,2-4 AVN,Charlie,HQ PLT,2020-07-30,3.8,Medical Hold,KFOR,Kosovo,15,2,6618,1770,266,8654,588,PASS,17.4,60,80,M4 Carbine,22,MARKSMAN,AA Degree,Secret,NO,NO,NO,M2A3 Bradley,Combat Medic Badge,Expert Infantryman Badge,Qualified,2024-03-19,Medical Hold,YES,-156,ETS Eligible
US-0268,Walker,Carlos,M,44,SC,1LT,O2,13F,Fire Support Specialist,Combat Support,DIVARTY,1-8 CAV,Delta,HQ PLT,2018-12-07,5.5,TDY,OIR,Iraq/Syria,13,2,4188,1723,266,6177,452,PASS,16.2,43,61,M240B,28,MARKSMAN,MA/MS Degree,None,NO,YES,NO,M2A3 Bradley,Army Commendation Medal,None,Qualified,2019-02-08,Fit for Duty,YES,-15,ETS Eligible
US-0269,Williams,Nathan,M,33,SC,SFC,E7,35F,Intelligence Analyst,Intelligence,2nd BCT,1-4 AVN,Charlie,3rd PLT,2011-10-16,12.6,Attached,JRTC Rotation,Fort Johnson,0,0,3294,2199,422,5915,568,PASS,14.1,58,38,M240B,16,MARKSMAN,Some College,TS/SCI,NO,NO,YES,None,None,None,Needs Improvement,2015-09-16,Limited Duty,YES,1443,Retained
US-0270,Lewis,Carlos,M,31,AZ,2LT,O1,31B,Military Police,Law Enforcement,1st BCT,1-82 FA,Foxtrot,2nd PLT,2014-08-14,9.8,Medical Hold,NTC Rotation,Fort Irwin,0,0,3637,0,266,3903,305,FAIL,16.2,74,65,M240B,20,MARKSMAN,MA/MS Degree,Top Secret,NO,YES,NO,None,Airborne Badge,Bronze Star Medal,Highly Qualified,2014-04-06,Medical Hold,YES,-369,ETS Eligible
US-0271,Moore,Luis,M,20,AZ,CPT,O3,42A,Human Resources Specialist,Admin,2nd BCT,3-16 FA,Alpha,HQ PLT,2013-09-01,10.7,Attached,OEF,Afghanistan,15,2,4836,1022,266,6124,445,PASS,17.3,48,70,M4 Carbine,21,MARKSMAN,AA Degree,TS/SCI,YES,YES,NO,None,Army Achievement Medal,Combat Infantry Badge,Highly Qualified,2024-10-05,Profile,YES,-214,ETS Eligible
US-0272,Jackson,Ashley,F,26,OH,PVT,E1,12B,Combat Engineer,Combat Support,3rd BCT,3-16 FA,Delta,2nd PLT,2007-06-27,16.9,Deployed,OEF,Afghanistan,13,2,1917,0,422,2339,356,FAIL,15.8,77,43,M249 SAW,25,MARKSMAN,HS Diploma,Top Secret,NO,NO,NO,HMMWV,Meritorious Service Medal,None,Outstanding,2020-07-25,Profile,YES,511,Retained
US-0273,Lewis,Ryan,M,25,NC,LTC,O5,92A,Automated Logistical Specialist,Logistics,1st BCT,2-4 AVN,Alpha,3rd PLT,2019-07-01,4.9,Leave,KFOR,Kosovo,11,1,6618,1409,266,8293,502,PASS,17.7,71,41,M249 SAW,21,MARKSMAN,AA Degree,Secret,YES,NO,YES,M1A2 Abrams,Airborne Badge,Expert Infantryman Badge,Outstanding,2021-06-08,Medical Hold,YES,1521,Retained
US-0274,Hall,Amanda,F,28,MO,CPL,E4,35F,Intelligence Analyst,Intelligence,1st BCT,2-5 CAV,HHC,3rd PLT,2014-03-14,10.2,Active Duty,KFOR,Kosovo,5,0,2504,0,422,2926,327,FAIL,16.8,49,31,M9 Pistol,28,MARKSMAN,BA/BS Degree,None,NO,YES,NO,None,Purple Heart,Combat Medic Badge,Outstanding,2020-02-25,Limited Duty,YES,492,Retained
US-0275,Robinson,Sarah,F,24,MO,1SG,E8,25B,IT Specialist,Signal,2nd BCT,3-66 AR,Foxtrot,1st PLT,2018-08-13,5.8,Deployed,OIF,Iraq,5,0,4739,0,422,5161,329,FAIL,17,45,40,M4 Carbine,37,EXPERT,HS Diploma,Secret,YES,NO,NO,None,Bronze Star Medal,None,Needs Improvement,2021-06-16,Fit for Duty,YES,1318,Retained
US-0276,Williams,James,M,21,WA,CPT,O3,31B,Military Police,Law Enforcement,2nd BCT,1-41 IN,Charlie,2nd PLT,2009-06-27,14.9,Leave,OIF,Iraq,0,0,4836,0,266,5102,322,FAIL,20.9,41,42,M249 SAW,19,MARKSMAN,AA Degree,Secret,YES,NO,NO,LMTV,None,None,Qualified,2017-11-11,Profile,YES,1252,Retained
US-0277,Wilson,Kevin,M,43,IN,CPL,E4,35F,Intelligence Analyst,Intelligence,3rd BCT,3-66 AR,Alpha,4th PLT,2019-09-02,4.7,Attached,OIR,Iraq/Syria,0,0,2504,0,422,2926,432,PASS,16.4,24,72,M240B,17,MARKSMAN,Some College,TS/SCI,YES,NO,NO,LMTV,Army Achievement Medal,Meritorious Service Medal,Needs Improvement,2022-08-21,Medical Hold,YES,1091,Retained
US-0278,Garcia,Jason,M,19,NY,2LT,O1,25B,IT Specialist,Signal,DISCOM,87th BSB,Alpha,3rd PLT,2005-05-25,19,Deployed,Peacetime,CONUS,0,0,3637,1998,266,5901,409,PASS,15.8,60,77,M4 Carbine,23,MARKSMAN,AA Degree,TS/SCI,NO,NO,YES,None,Army Commendation Medal,Army Achievement Medal,Needs Improvement,2008-05-27,Limited Duty,YES,1039,Retained
US-0279,Thompson,Marcus,M,37,AZ,LTC,O5,19D,Cavalry Scout,Combat,3rd BCT,3-66 AR,Charlie,3rd PLT,2019-06-09,5,Transition,NTC Rotation,Fort Irwin,0,0,6618,881,266,7765,302,FAIL,18,38,78,M249 SAW,39,EXPERT,MA/MS Degree,None,NO,NO,NO,None,Purple Heart,None,Qualified,2019-01-25,Medical Hold,YES,-236,ETS Eligible
US-0280,Wilson,Monique,F,32,OH,PFC,E2,15T,UH-60 Helicopter Repairer,Aviation,2nd BCT,1-41 IN,Bravo,1st PLT,2008-11-23,15.5,Deployed,Peacetime,CONUS,0,0,2149,0,422,2571,529,PASS,14.5,25,57,M240B,21,MARKSMAN,AA Degree,Secret,NO,NO,NO,None,None,None,Outstanding,2016-01-24,Limited Duty,YES,1131,Retained
US-0281,Robinson,Sarah,F,35,MI,LTC,O5,42A,Human Resources Specialist,Admin,DIVARTY,21st BSB,Echo,4th PLT,2022-01-20,2.4,Medical Hold,OEF,Afghanistan,15,2,6618,840,266,7724,443,PASS,16.1,25,78,M249 SAW,33,SHARPSHOOTER,BA/BS Degree,Top Secret,NO,NO,NO,None,None,None,Outstanding,2024-08-19,Fit for Duty,YES,301,Retained
US-0282,Johnson,Michael,M,42,TN,PVT,E1,25B,IT Specialist,Signal,DIVARTY,2-4 AVN,Echo,3rd PLT,2016-01-09,8.4,Transition,KFOR,Kosovo,13,2,1917,1608,422,3947,591,PASS,15.8,39,71,M4 Carbine,29,MARKSMAN,MA/MS Degree,Secret,NO,NO,NO,M1126 Stryker,Army Commendation Medal,Army Achievement Medal,Outstanding,2023-10-23,Limited Duty,YES,-264,ETS Eligible
US-0283,Thompson,Rachel,F,30,IN,MSG,E8,68W,Combat Medic,Medical,1st BCT,1-82 FA,Echo,1st PLT,2020-08-23,3.8,Active Duty,JRTC Rotation,Fort Johnson,0,0,4739,0,422,5161,365,PASS,14.7,49,73,M240B,23,MARKSMAN,HS Diploma,None,YES,NO,NO,M2A3 Bradley,Airborne Badge,None,Qualified,2024-08-26,Profile,YES,1248,Retained
US-0284,Walker,Derek,M,42,CO,CPT,O3,92A,Automated Logistical Specialist,Logistics,3rd BCT,2-4 AVN,Delta,1st PLT,2007-06-15,17,Attached,JRTC Rotation,Fort Johnson,0,0,4836,1972,266,7074,397,PASS,19.4,37,77,M9 Pistol,38,EXPERT,MA/MS Degree,TS/SCI,YES,YES,YES,FMTV,Bronze Star Medal,None,Qualified,2016-08-31,Limited Duty,YES,198,Retained
US-0285,Garcia,Nathan,M,30,GA,SGT,E5,13F,Fire Support Specialist,Combat Support,CAB,3-66 AR,HHC,1st PLT,2015-02-09,9.3,Attached,Peacetime,CONUS,0,0,2730,0,422,3152,388,PASS,14.2,67,41,M240B,29,MARKSMAN,AA Degree,Secret,YES,NO,YES,None,Expert Infantryman Badge,Airborne Badge,Highly Qualified,2021-07-26,Fit for Duty,YES,461,Retained
US-0286,Wright,Danielle,F,29,AZ,CPL,E4,11B,Infantry,Combat,1st BCT,2-12 IN,Foxtrot,1st PLT,2019-12-04,4.5,TDY,Peacetime,CONUS,0,0,2504,0,422,2926,482,PASS,14.3,70,30,M240B,31,SHARPSHOOTER,BA/BS Degree,Top Secret,NO,NO,NO,M1126 Stryker,Expert Infantryman Badge,Airborne Badge,Outstanding,2020-02-15,Fit for Duty,YES,-488,ETS Eligible
US-0287,Harris,Nicole,F,39,MO,SGT,E5,11B,Infantry,Combat,DIVARTY,2-5 CAV,Foxtrot,HQ PLT,2011-04-09,13.1,Active Duty,JRTC Rotation,Fort Johnson,0,0,2730,1309,422,4461,533,PASS,16.3,63,72,M9 Pistol,37,EXPERT,Some College,Top Secret,YES,NO,NO,LMTV,Combat Medic Badge,None,Needs Improvement,2012-10-28,Limited Duty,YES,926,Retained
US-0288,Wright,Danielle,F,21,CO,CPL,E4,19D,Cavalry Scout,Combat,CAB,2-12 IN,HHC,2nd PLT,2020-12-20,3.4,Deployed,OEF,Afghanistan,1,0,2504,1061,422,3987,570,PASS,19.3,39,73,M9 Pistol,21,MARKSMAN,HS Diploma,Secret,NO,NO,YES,M1126 Stryker,Expert Infantryman Badge,Expert Infantryman Badge,Qualified,2022-02-24,Profile,YES,648,Retained
US-0289,Wright,Brandon,M,21,VA,COL,O6,94F,Special Electronic Devices Repairer,Maintenance,DISCOM,2-5 CAV,Echo,2nd PLT,2016-12-27,7.4,Leave,JRTC Rotation,Fort Johnson,0,0,7668,0,266,7934,584,PASS,19.3,41,44,M4 Carbine,36,EXPERT,HS Diploma,TS/SCI,NO,YES,NO,None,Purple Heart,None,Outstanding,2024-04-21,Fit for Duty,YES,270,Retained
US-0290,Davis,Nathan,M,28,NY,2LT,O1,42A,Human Resources Specialist,Admin,DIVARTY,2-4 AVN,Alpha,3rd PLT,2006-05-22,18,Active Duty,Peacetime,CONUS,0,0,3637,0,266,3903,453,PASS,19.7,82,57,M240B,37,EXPERT,AA Degree,TS/SCI,YES,NO,NO,HMMWV,None,None,Qualified,2009-04-22,Profile,YES,660,Retained
US-0291,Young,Marcus,M,27,NC,2LT,O1,25U,Signal Support Specialist,Signal,DIVARTY,2-4 AVN,Alpha,3rd PLT,2020-11-05,3.6,Leave,Peacetime,CONUS,0,0,3637,0,266,3903,320,FAIL,16.7,65,54,M240B,20,MARKSMAN,HS Diploma,None,NO,NO,NO,None,None,None,Qualified,2023-10-20,Limited Duty,YES,1439,Retained
US-0292,Harris,Travis,M,27,NY,SPC,E3,88M,Motor Transport Operator,Logistics,DISCOM,2-12 IN,Charlie,2nd PLT,2020-09-22,3.7,Transition,NTC Rotation,Fort Irwin,0,0,2259,1922,422,4603,587,PASS,13.3,40,78,M4 Carbine,38,EXPERT,Some College,Secret,NO,NO,NO,M2A3 Bradley,Bronze Star Medal,None,Qualified,2024-02-14,Profile,YES,-463,ETS Eligible
US-0293,Wright,Tyler,M,40,MI,SGT,E5,42A,Human Resources Specialist,Admin,CAB,1-4 AVN,Foxtrot,2nd PLT,2006-04-07,18.2,Active Duty,OIF,Iraq,11,1,2730,0,422,3152,463,PASS,20.5,27,62,M9 Pistol,20,MARKSMAN,Some College,Secret,NO,NO,NO,FMTV,None,Combat Medic Badge,Highly Qualified,2020-10-08,Limited Duty,YES,-133,ETS Eligible
US-0294,King,Nicole,F,38,CO,CPT,O3,25U,Signal Support Specialist,Signal,DISCOM,1-4 AVN,Delta,3rd PLT,2005-04-06,19.2,Leave,OIF,Iraq,3,0,4836,0,266,5102,405,PASS,16.7,62,62,M4 Carbine,34,SHARPSHOOTER,AA Degree,None,NO,NO,NO,None,Airborne Badge,Expert Infantryman Badge,Needs Improvement,2006-06-05,Profile,YES,1701,Retained
US-0295,Johnson,Travis,M,36,OH,CPT,O3,88M,Motor Transport Operator,Logistics,DIVARTY,15th BSB,Delta,1st PLT,2016-08-21,7.8,Attached,NTC Rotation,Fort Irwin,0,0,4836,0,266,5102,350,FAIL,18.9,33,72,M249 SAW,35,SHARPSHOOTER,Some College,Top Secret,YES,YES,NO,M1A2 Abrams,None,None,Outstanding,2016-12-12,Fit for Duty,YES,10,ETS Eligible
US-0296,Hall,Nathan,M,22,VA,SSG,E6,42A,Human Resources Specialist,Admin,DISCOM,1-8 CAV,Bravo,3rd PLT,2006-01-14,18.4,Leave,Peacetime,CONUS,0,0,2980,1400,422,4802,450,PASS,13.7,51,74,M240B,35,SHARPSHOOTER,Some College,None,NO,YES,NO,M2A3 Bradley,Air Assault Badge,None,Highly Qualified,2019-04-10,Profile,YES,970,Retained
US-0297,Young,Luis,M,28,CO,MAJ,O4,11C,Indirect Fire Infantry,Combat,DIVARTY,2-12 IN,Charlie,4th PLT,2019-07-29,4.8,Leave,OEF,Afghanistan,12,2,5696,0,266,5962,363,PASS,20.5,63,57,M249 SAW,18,MARKSMAN,BA/BS Degree,Top Secret,NO,NO,NO,M2A3 Bradley,None,None,Qualified,2019-11-14,Fit for Duty,YES,606,Retained
US-0298,Wright,Tyler,M,36,AL,MAJ,O4,11C,Indirect Fire Infantry,Combat,3rd BCT,1-4 AVN,Alpha,3rd PLT,2012-06-25,11.9,Attached,NTC Rotation,Fort Irwin,0,0,5696,0,266,5962,295,FAIL,19.9,34,47,M4 Carbine,28,MARKSMAN,HS Diploma,None,NO,NO,NO,M1126 Stryker,Combat Medic Badge,None,Highly Qualified,2024-05-15,Medical Hold,YES,610,Retained
US-0299,Garcia,Marcus,M,31,MO,2LT,O1,31B,Military Police,Law Enforcement,CAB,3-66 AR,Charlie,HQ PLT,2017-05-17,7,Active Duty,Peacetime,CONUS,0,0,3637,1624,266,5527,552,PASS,17.5,36,30,M249 SAW,37,EXPERT,Some College,Top Secret,NO,NO,NO,HMMWV,Combat Infantry Badge,None,Needs Improvement,2022-08-20,Limited Duty,YES,674,Retained
US-0300,Walker,Elijah,M,41,NY,MSG,E8,25U,Signal Support Specialist,Signal,DISCOM,2-5 CAV,Charlie,4th PLT,2022-04-14,2.1,Attached,OIR,Iraq/Syria,2,0,4739,0,422,5161,374,PASS,13.2,35,35,M4 Carbine,18,MARKSMAN,BA/BS Degree,None,NO,NO,NO,FMTV,None,None,Outstanding,2024-12-26,Limited Duty,YES,10,ETS Eligible
US-0301,Young,Ashley,F,29,CA,SFC,E7,94F,Special Electronic Devices Repairer,Maintenance,DISCOM,1-8 CAV,Echo,4th PLT,2020-10-04,3.7,Deployed,Peacetime,CONUS,0,0,3294,0,422,3716,311,FAIL,21,62,63,M9 Pistol,21,MARKSMAN,BA/BS Degree,None,NO,YES,NO,None,None,None,Qualified,2022-02-03,Limited Duty,YES,-37,ETS Eligible
US-0302,Hall,Kevin,M,21,TX,CPL,E4,25U,Signal Support Specialist,Signal,3rd BCT,87th BSB,Charlie,3rd PLT,2009-10-12,14.6,Active Duty,OIF,Iraq,12,2,2504,1245,422,4171,553,PASS,20.4,81,71,M4 Carbine,30,SHARPSHOOTER,AA Degree,TS/SCI,NO,NO,NO,M1A2 Abrams,Airborne Badge,Army Commendation Medal,Needs Improvement,2011-04-11,Profile,YES,1264,Retained
US-0303,Martinez,Jessica,F,41,CO,SGT,E5,42A,Human Resources Specialist,Admin,1st BCT,87th BSB,Alpha,2nd PLT,2022-04-05,2.2,Leave,JRTC Rotation,Fort Johnson,0,0,2730,0,422,3152,476,PASS,16.5,43,49,M9 Pistol,21,MARKSMAN,HS Diploma,TS/SCI,NO,YES,NO,FMTV,Air Assault Badge,Army Achievement Medal,Outstanding,2023-02-11,Medical Hold,YES,-47,ETS Eligible
US-0304,Williams,Derek,M,21,TX,SGT,E5,42A,Human Resources Specialist,Admin,CAB,2-4 AVN,Charlie,1st PLT,2008-08-06,15.8,TDY,JRTC Rotation,Fort Johnson,0,0,2730,1207,422,4359,350,FAIL,20.7,82,47,M9 Pistol,31,SHARPSHOOTER,Some College,TS/SCI,NO,YES,YES,None,Air Assault Badge,None,Qualified,2008-04-21,Profile,YES,468,Retained
US-0305,Clark,Jason,M,40,GA,PVT,E1,42A,Human Resources Specialist,Admin,CAB,2-12 IN,Charlie,4th PLT,2006-11-08,17.6,Leave,NTC Rotation,Fort Irwin,0,0,1917,0,422,2339,385,PASS,17.7,66,62,M249 SAW,24,MARKSMAN,MA/MS Degree,Secret,NO,YES,NO,None,None,None,Needs Improvement,2019-04-06,Profile,YES,109,ETS Eligible
US-0306,Davis,Tyler,M,38,CA,CPT,O3,11B,Infantry,Combat,3rd BCT,1-41 IN,Bravo,4th PLT,2005-05-25,19,Medical Hold,Peacetime,CONUS,0,0,4836,0,266,5102,558,PASS,19.8,44,56,M240B,38,EXPERT,AA Degree,TS/SCI,YES,NO,NO,None,None,Combat Medic Badge,Needs Improvement,2011-04-18,Fit for Duty,YES,937,Retained
US-0307,Moore,Jessica,F,41,IN,PFC,E2,12B,Combat Engineer,Combat Support,1st BCT,1-8 CAV,Alpha,3rd PLT,2009-10-03,14.7,Leave,OIR,Iraq/Syria,15,2,2149,0,422,2571,476,PASS,16.2,36,61,M240B,25,MARKSMAN,MA/MS Degree,Secret,NO,NO,NO,None,Army Achievement Medal,None,Highly Qualified,2015-03-11,Medical Hold,YES,360,Retained
US-0308,Brown,Monique,F,31,KY,SGT,E5,15T,UH-60 Helicopter Repairer,Aviation,DISCOM,21st BSB,Alpha,1st PLT,2018-02-27,6.3,Transition,JRTC Rotation,Fort Johnson,0,0,2730,0,422,3152,328,FAIL,18.5,79,36,M240B,25,MARKSMAN,AA Degree,Secret,YES,YES,NO,HMMWV,None,None,Qualified,2019-04-26,Medical Hold,YES,1286,Retained
US-0309,Clark,Ryan,M,23,IN,PVT,E1,12B,Combat Engineer,Combat Support,DIVARTY,2-12 IN,Echo,2nd PLT,2011-07-01,12.9,Medical Hold,OIF,Iraq,1,0,1917,1189,422,3528,328,FAIL,16.7,54,62,M249 SAW,30,SHARPSHOOTER,Some College,Top Secret,NO,YES,YES,LMTV,None,Air Assault Badge,Outstanding,2021-03-19,Fit for Duty,YES,1563,Retained
US-0310,Thompson,Derek,M,40,KY,SGM,E9,19D,Cavalry Scout,Combat,3rd BCT,15th BSB,Alpha,2nd PLT,2010-01-09,14.4,Active Duty,OIF,Iraq,7,1,5473,0,422,5895,358,FAIL,17.9,80,47,M240B,17,MARKSMAN,AA Degree,Top Secret,NO,NO,YES,LMTV,None,Combat Medic Badge,Highly Qualified,2016-08-12,Profile,YES,829,Retained
US-0311,Jackson,James,M,41,CO,MSG,E8,19D,Cavalry Scout,Combat,3rd BCT,3-66 AR,Charlie,1st PLT,2017-01-20,7.4,Transition,JRTC Rotation,Fort Johnson,0,0,4739,0,422,5161,421,PASS,18.6,64,54,M249 SAW,30,SHARPSHOOTER,AA Degree,TS/SCI,NO,NO,NO,M1A2 Abrams,Combat Medic Badge,None,Qualified,2022-07-25,Profile,YES,243,Retained
US-0312,Garcia,Sarah,F,30,AZ,SFC,E7,92A,Automated Logistical Specialist,Logistics,CAB,2-4 AVN,Bravo,3rd PLT,2005-06-22,18.9,Active Duty,OIR,Iraq/Syria,5,0,3294,1163,422,4879,363,PASS,18.3,32,34,M4 Carbine,29,MARKSMAN,HS Diploma,Secret,YES,NO,YES,FMTV,Combat Medic Badge,None,Outstanding,2005-12-25,Fit for Duty,YES,41,ETS Eligible
US-0313,Anderson,DeShawn,M,21,KY,SGT,E5,15T,UH-60 Helicopter Repairer,Aviation,DIVARTY,1-8 CAV,Foxtrot,1st PLT,2022-10-04,1.7,Active Duty,OIF,Iraq,10,1,2730,0,422,3152,517,PASS,13.7,68,66,M249 SAW,25,MARKSMAN,AA Degree,Top Secret,YES,YES,YES,HMMWV,Purple Heart,None,Qualified,2022-10-18,Fit for Duty,NO,-496,ETS Eligible
US-0314,Thompson,James,M,34,WA,MAJ,O4,42A,Human Resources Specialist,Admin,2nd BCT,1-82 FA,Echo,3rd PLT,2010-01-25,14.3,Active Duty,JRTC Rotation,Fort Johnson,0,0,5696,0,266,5962,342,FAIL,16.7,27,44,M240B,27,MARKSMAN,MA/MS Degree,None,NO,YES,NO,M2A3 Bradley,Army Achievement Medal,Army Achievement Medal,Needs Improvement,2024-12-19,Profile,YES,735,Retained
US-0315,Brown,Nathan,M,41,PA,1SG,E8,94F,Special Electronic Devices Repairer,Maintenance,CAB,1-4 AVN,Charlie,3rd PLT,2020-12-15,3.5,Attached,NTC Rotation,Fort Irwin,0,0,4739,0,422,5161,365,PASS,19.8,82,39,M240B,20,MARKSMAN,Some College,None,YES,NO,NO,None,Meritorious Service Medal,None,Outstanding,2020-09-18,Fit for Duty,YES,244,Retained
US-0316,Moore,Tanya,F,42,IL,COL,O6,42A,Human Resources Specialist,Admin,CAB,2-4 AVN,Delta,HQ PLT,2022-10-19,1.6,Medical Hold,JRTC Rotation,Fort Johnson,0,0,7668,0,266,7934,486,PASS,19.3,61,45,M9 Pistol,33,SHARPSHOOTER,HS Diploma,None,NO,NO,NO,None,Expert Infantryman Badge,Expert Infantryman Badge,Qualified,2023-02-21,Profile,NO,-430,ETS Eligible
US-0317,Davis,Ryan,M,39,IN,CPL,E4,11B,Infantry,Combat,3rd BCT,1-82 FA,Foxtrot,2nd PLT,2011-08-12,12.8,Leave,KFOR,Kosovo,4,0,2504,1929,422,4855,318,FAIL,14.6,72,44,M249 SAW,19,MARKSMAN,HS Diploma,TS/SCI,NO,YES,YES,M2A3 Bradley,None,Meritorious Service Medal,Highly Qualified,2011-09-05,Limited Duty,YES,101,ETS Eligible
US-0318,Martinez,Luis,M,37,NC,MSG,E8,11C,Indirect Fire Infantry,Combat,1st BCT,21st BSB,Foxtrot,4th PLT,2008-05-11,16.1,TDY,NTC Rotation,Fort Irwin,0,0,4739,1173,422,6334,443,PASS,18.8,67,63,M9 Pistol,29,MARKSMAN,MA/MS Degree,None,NO,YES,YES,None,None,None,Highly Qualified,2017-07-02,Profile,YES,1360,Retained
US-0319,Thompson,Derek,M,38,CO,MAJ,O4,94F,Special Electronic Devices Repairer,Maintenance,2nd BCT,2-12 IN,Alpha,HQ PLT,2013-06-20,10.9,Attached,OEF,Afghanistan,6,1,5696,0,266,5962,576,PASS,14.4,31,77,M4 Carbine,38,EXPERT,Some College,TS/SCI,NO,YES,NO,None,Expert Infantryman Badge,None,Outstanding,2014-09-30,Medical Hold,YES,985,Retained
US-0320,Thompson,James,M,18,TN,SGM,E9,12B,Combat Engineer,Combat Support,DIVARTY,2-5 CAV,Alpha,2nd PLT,2018-05-24,6,Active Duty,OIF,Iraq,9,1,5473,0,422,5895,427,PASS,17.9,22,45,M4 Carbine,34,SHARPSHOOTER,AA Degree,None,NO,YES,NO,M1126 Stryker,Airborne Badge,None,Outstanding,2022-05-20,Limited Duty,YES,957,Retained
US-0321,Moore,Tyler,M,42,NC,MAJ,O4,94F,Special Electronic Devices Repairer,Maintenance,DISCOM,15th BSB,Alpha,HQ PLT,2022-05-21,2,Leave,OEF,Afghanistan,0,0,5696,2002,266,7964,438,PASS,16.6,75,32,M249 SAW,20,MARKSMAN,MA/MS Degree,Secret,NO,NO,NO,M2A3 Bradley,None,None,Highly Qualified,2023-11-26,Medical Hold,YES,691,Retained
US-0322,Williams,Elijah,M,29,TN,CPT,O3,13F,Fire Support Specialist,Combat Support,2nd BCT,21st BSB,HHC,1st PLT,2008-06-02,16,TDY,Peacetime,CONUS,0,0,4836,2085,266,7187,448,PASS,13.3,20,39,M4 Carbine,31,SHARPSHOOTER,HS Diploma,Secret,YES,NO,NO,None,Army Achievement Medal,None,Qualified,2018-05-02,Fit for Duty,YES,556,Retained
US-0323,Lewis,Brianna,F,40,KY,SGT,E5,11C,Indirect Fire Infantry,Combat,DIVARTY,87th BSB,Alpha,3rd PLT,2011-06-07,13,TDY,KFOR,Kosovo,13,2,2730,0,422,3152,450,PASS,16.2,52,69,M240B,18,MARKSMAN,HS Diploma,None,YES,NO,NO,M1126 Stryker,None,None,Outstanding,2019-06-06,Profile,YES,148,ETS Eligible
US-0324,Martinez,Nicole,F,21,PA,MSG,E8,42A,Human Resources Specialist,Admin,CAB,1-4 AVN,Alpha,3rd PLT,2015-06-14,9,Transition,KFOR,Kosovo,14,2,4739,0,422,5161,511,PASS,14,26,55,M249 SAW,28,MARKSMAN,BA/BS Degree,TS/SCI,NO,NO,NO,HMMWV,Purple Heart,None,Needs Improvement,2016-08-19,Fit for Duty,YES,374,Retained
US-0325,Young,Marcus,M,39,PA,CPT,O3,11B,Infantry,Combat,3rd BCT,3-16 FA,Delta,2nd PLT,2006-03-20,18.2,Attached,OEF,Afghanistan,0,0,4836,2200,266,7302,332,FAIL,14.8,60,41,M249 SAW,18,MARKSMAN,Some College,TS/SCI,NO,NO,NO,None,Bronze Star Medal,None,Needs Improvement,2015-08-12,Fit for Duty,YES,900,Retained
US-0326,Wilson,Aaron,M,22,AL,1LT,O2,42A,Human Resources Specialist,Admin,CAB,87th BSB,HHC,2nd PLT,2020-08-17,3.8,TDY,KFOR,Kosovo,11,1,4188,1968,266,6422,595,PASS,19.5,55,80,M249 SAW,18,MARKSMAN,AA Degree,Top Secret,YES,YES,NO,FMTV,None,Airborne Badge,Qualified,2022-04-12,Fit for Duty,YES,576,Retained
US-0327,Davis,Carlos,M,40,AL,LTC,O5,15T,UH-60 Helicopter Repairer,Aviation,DIVARTY,2-5 CAV,Alpha,2nd PLT,2021-09-22,2.7,Active Duty,OEF,Afghanistan,13,2,6618,0,266,6884,397,PASS,17.6,33,52,M249 SAW,37,EXPERT,BA/BS Degree,Top Secret,NO,NO,YES,M1126 Stryker,Airborne Badge,Purple Heart,Needs Improvement,2024-01-16,Limited Duty,YES,1244,Retained
US-0328,Garcia,Tyler,M,37,CO,LTC,O5,42A,Human Resources Specialist,Admin,3rd BCT,3-66 AR,HHC,HQ PLT,2008-08-25,15.8,Attached,Peacetime,CONUS,0,0,6618,1692,266,8576,513,PASS,14.9,62,74,M240B,38,EXPERT,HS Diploma,None,YES,NO,YES,LMTV,Airborne Badge,Army Achievement Medal,Highly Qualified,2020-03-20,Limited Duty,YES,-92,ETS Eligible
US-0329,Allen,Crystal,F,26,PA,PFC,E2,15T,UH-60 Helicopter Repairer,Aviation,3rd BCT,3-16 FA,Bravo,2nd PLT,2022-06-05,2,Active Duty,KFOR,Kosovo,12,2,2149,0,422,2571,469,PASS,19.8,80,37,M9 Pistol,29,MARKSMAN,AA Degree,Top Secret,NO,NO,NO,M1A2 Abrams,None,None,Outstanding,2024-04-29,Limited Duty,YES,-367,ETS Eligible
US-0330,Davis,James,M,21,NY,1LT,O2,25B,IT Specialist,Signal,DIVARTY,2-4 AVN,HHC,3rd PLT,2012-07-08,11.9,Medical Hold,OEF,Afghanistan,13,2,4188,1295,266,5749,316,FAIL,14.1,61,55,M9 Pistol,20,MARKSMAN,MA/MS Degree,Top Secret,NO,NO,NO,HMMWV,None,None,Qualified,2017-11-01,Fit for Duty,YES,1764,Retained
US-0331,Wilson,Jason,M,26,FL,SPC,E3,11C,Indirect Fire Infantry,Combat,1st BCT,3-16 FA,Alpha,HQ PLT,2008-06-07,16,Deployed,OIF,Iraq,2,0,2259,1971,422,4652,522,PASS,12.7,66,38,M240B,21,MARKSMAN,Some College,Secret,NO,NO,YES,LMTV,Combat Medic Badge,Combat Medic Badge,Needs Improvement,2010-04-27,Fit for Duty,YES,-46,ETS Eligible
US-0332,Brown,Maria,F,27,TX,CPL,E4,12B,Combat Engineer,Combat Support,3rd BCT,2-12 IN,Bravo,1st PLT,2006-09-26,17.7,Medical Hold,KFOR,Kosovo,11,1,2504,1225,422,4151,501,PASS,13.4,70,31,M4 Carbine,31,SHARPSHOOTER,Some College,Top Secret,NO,YES,NO,None,None,None,Outstanding,2013-09-09,Fit for Duty,YES,920,Retained
US-0333,Young,Maria,F,33,OH,PVT,E1,12B,Combat Engineer,Combat Support,DIVARTY,2-4 AVN,Charlie,1st PLT,2009-04-29,15.1,Deployed,Peacetime,CONUS,0,0,1917,0,422,2339,400,PASS,16.9,68,39,M240B,19,MARKSMAN,HS Diploma,None,NO,NO,NO,FMTV,Combat Medic Badge,None,Qualified,2015-08-09,Medical Hold,YES,1413,Retained
US-0334,Walker,Rachel,F,44,WA,CPT,O3,94F,Special Electronic Devices Repairer,Maintenance,2nd BCT,2-12 IN,Bravo,2nd PLT,2020-05-30,4,Medical Hold,NTC Rotation,Fort Irwin,0,0,4836,1375,266,6477,590,PASS,13.4,70,79,M240B,21,MARKSMAN,MA/MS Degree,TS/SCI,NO,NO,NO,HMMWV,None,None,Outstanding,2021-02-13,Fit for Duty,YES,945,Retained
US-0335,Lewis,DeShawn,M,28,TX,SSG,E6,94F,Special Electronic Devices Repairer,Maintenance,1st BCT,15th BSB,Charlie,HQ PLT,2014-03-12,10.2,TDY,OIR,Iraq/Syria,11,1,2980,0,422,3402,509,PASS,13.5,71,50,M249 SAW,27,MARKSMAN,AA Degree,Secret,NO,YES,YES,M1126 Stryker,Combat Medic Badge,None,Needs Improvement,2024-01-30,Profile,YES,452,Retained
US-0336,Taylor,Travis,M,21,MO,SFC,E7,88M,Motor Transport Operator,Logistics,2nd BCT,2-5 CAV,HHC,3rd PLT,2021-01-24,3.4,Medical Hold,Peacetime,CONUS,0,0,3294,0,422,3716,512,PASS,17.4,61,56,M240B,26,MARKSMAN,Some College,None,NO,NO,YES,M2A3 Bradley,Combat Medic Badge,None,Outstanding,2024-03-26,Medical Hold,YES,-413,ETS Eligible
US-0337,King,James,M,42,WA,PVT,E1,94F,Special Electronic Devices Repairer,Maintenance,CAB,2-12 IN,Bravo,4th PLT,2005-10-31,18.6,Attached,Peacetime,CONUS,0,0,1917,0,422,2339,530,PASS,15.4,21,34,M4 Carbine,29,MARKSMAN,BA/BS Degree,Top Secret,NO,YES,NO,None,None,None,Needs Improvement,2020-08-15,Fit for Duty,YES,1361,Retained
US-0338,King,Nicole,F,21,CA,CPL,E4,25B,IT Specialist,Signal,3rd BCT,21st BSB,Alpha,1st PLT,2010-01-10,14.4,Attached,OIF,Iraq,0,0,2504,0,422,2926,513,PASS,20.9,75,74,M249 SAW,21,MARKSMAN,AA Degree,None,YES,NO,YES,None,Army Achievement Medal,None,Needs Improvement,2023-09-29,Fit for Duty,YES,1054,Retained
US-0339,Davis,Aaron,M,29,KY,LTC,O5,11C,Indirect Fire Infantry,Combat,2nd BCT,1-82 FA,Foxtrot,2nd PLT,2021-11-21,2.5,Deployed,Peacetime,CONUS,0,0,6618,1646,266,8530,413,PASS,18.2,53,63,M9 Pistol,37,EXPERT,Some College,None,NO,NO,YES,M1A2 Abrams,Expert Infantryman Badge,Purple Heart,Outstanding,2023-10-10,Profile,YES,-254,ETS Eligible
US-0340,Wright,James,M,26,CO,SFC,E7,68W,Combat Medic,Medical,CAB,1-41 IN,Delta,1st PLT,2012-08-20,11.8,Attached,OEF,Afghanistan,10,1,3294,1438,422,5154,344,FAIL,18.1,74,62,M249 SAW,23,MARKSMAN,Some College,Secret,NO,YES,YES,LMTV,Purple Heart,None,Outstanding,2014-04-16,Medical Hold,YES,103,ETS Eligible
US-0341,Brown,Monique,F,29,GA,MSG,E8,11B,Infantry,Combat,CAB,3-66 AR,Charlie,1st PLT,2015-09-07,8.7,Transition,JRTC Rotation,Fort Johnson,0,0,4739,1887,422,7048,333,FAIL,15.5,27,65,M240B,29,MARKSMAN,HS Diploma,Top Secret,YES,NO,NO,HMMWV,Combat Medic Badge,None,Outstanding,2017-03-05,Limited Duty,YES,704,Retained
US-0342,Garcia,Travis,M,21,IL,1SG,E8,88M,Motor Transport Operator,Logistics,DIVARTY,87th BSB,HHC,4th PLT,2007-06-14,17,TDY,JRTC Rotation,Fort Johnson,0,0,4739,0,422,5161,317,FAIL,20.7,34,37,M4 Carbine,34,SHARPSHOOTER,AA Degree,Secret,NO,NO,NO,None,Bronze Star Medal,None,Highly Qualified,2024-08-15,Limited Duty,YES,333,Retained
US-0343,Young,Derek,M,31,WA,SGM,E9,19D,Cavalry Scout,Combat,1st BCT,2-5 CAV,Bravo,HQ PLT,2020-09-17,3.7,Medical Hold,Peacetime,CONUS,0,0,5473,1776,422,7671,377,PASS,19.7,64,45,M240B,37,EXPERT,HS Diploma,Secret,YES,NO,NO,M1A2 Abrams,Army Achievement Medal,None,Needs Improvement,2020-12-15,Profile,YES,-461,ETS Eligible
US-0344,Allen,Ryan,M,39,AL,PVT,E1,68W,Combat Medic,Medical,2nd BCT,87th BSB,Alpha,1st PLT,2005-05-23,19,Medical Hold,Peacetime,CONUS,0,0,1917,2192,422,4531,375,PASS,19.6,53,62,M249 SAW,40,EXPERT,AA Degree,TS/SCI,NO,NO,NO,M1126 Stryker,Army Achievement Medal,None,Needs Improvement,2011-10-03,Medical Hold,YES,866,Retained
US-0345,Anderson,Monique,F,28,AZ,PVT,E1,12B,Combat Engineer,Combat Support,CAB,1-41 IN,Echo,2nd PLT,2013-01-05,11.4,Transition,KFOR,Kosovo,0,0,1917,1300,422,3639,389,PASS,15.6,67,35,M9 Pistol,36,EXPERT,MA/MS Degree,Secret,NO,NO,NO,M1126 Stryker,Army Achievement Medal,None,Outstanding,2019-12-09,Limited Duty,YES,280,Retained
US-0346,Young,Jason,M,44,IN,CPL,E4,42A,Human Resources Specialist,Admin,CAB,21st BSB,Foxtrot,3rd PLT,2011-06-21,12.9,Active Duty,OIF,Iraq,0,0,2504,0,422,2926,438,PASS,16.5,29,63,M249 SAW,25,MARKSMAN,HS Diploma,TS/SCI,YES,YES,NO,M1A2 Abrams,Expert Infantryman Badge,None,Needs Improvement,2020-08-26,Fit for Duty,YES,942,Retained
US-0347,Anderson,Marcus,M,37,VA,SGT,E5,35F,Intelligence Analyst,Intelligence,3rd BCT,15th BSB,Echo,HQ PLT,2008-06-24,15.9,Medical Hold,OIF,Iraq,8,1,2730,0,422,3152,438,PASS,16.2,78,35,M249 SAW,17,MARKSMAN,Some College,TS/SCI,YES,NO,NO,M1126 Stryker,Expert Infantryman Badge,Combat Medic Badge,Outstanding,2020-12-19,Limited Duty,YES,70,ETS Eligible
US-0348,Davis,Brandon,M,32,CO,MAJ,O4,88M,Motor Transport Operator,Logistics,2nd BCT,2-12 IN,Charlie,1st PLT,2011-09-02,12.7,Transition,Peacetime,CONUS,0,0,5696,2086,266,8048,513,PASS,17.1,44,80,M4 Carbine,20,MARKSMAN,BA/BS Degree,Top Secret,NO,NO,NO,None,Air Assault Badge,None,Needs Improvement,2023-07-15,Limited Duty,YES,-392,ETS Eligible
US-0349,Davis,Monique,F,44,GA,SGM,E9,31B,Military Police,Law Enforcement,2nd BCT,21st BSB,HHC,3rd PLT,2007-11-09,16.6,Attached,Peacetime,CONUS,0,0,5473,1912,422,7807,354,FAIL,13,74,55,M9 Pistol,37,EXPERT,AA Degree,None,YES,YES,NO,LMTV,Army Commendation Medal,None,Outstanding,2017-10-19,Fit for Duty,YES,857,Retained
US-0350,Allen,Tyler,M,25,OH,PFC,E2,19D,Cavalry Scout,Combat,2nd BCT,15th BSB,Bravo,HQ PLT,2021-08-10,2.8,Active Duty,KFOR,Kosovo,4,0,2149,0,422,2571,293,FAIL,15.1,39,76,M9 Pistol,35,SHARPSHOOTER,HS Diploma,Secret,YES,NO,YES,None,None,None,Highly Qualified,2023-11-02,Limited Duty,YES,1317,Retained
US-0351,Brown,Ashley,F,36,AL,SGM,E9,42A,Human Resources Specialist,Admin,CAB,3-66 AR,Foxtrot,2nd PLT,2017-04-06,7.2,Medical Hold,OIR,Iraq/Syria,14,2,5473,0,422,5895,384,PASS,16.2,60,31,M249 SAW,39,EXPERT,AA Degree,TS/SCI,NO,NO,YES,None,None,None,Qualified,2024-10-28,Medical Hold,YES,-61,ETS Eligible
US-0352,Clark,Rachel,F,30,SC,SGT,E5,11B,Infantry,Combat,3rd BCT,87th BSB,Alpha,HQ PLT,2013-09-26,10.7,TDY,OIF,Iraq,9,1,2730,869,422,4021,361,PASS,12.9,78,52,M9 Pistol,39,EXPERT,HS Diploma,Secret,NO,NO,NO,M1126 Stryker,Expert Infantryman Badge,None,Qualified,2020-08-11,Profile,YES,1382,Retained
US-0353,Wright,Brandon,M,33,AL,SGM,E9,94F,Special Electronic Devices Repairer,Maintenance,CAB,2-5 CAV,Foxtrot,4th PLT,2013-06-12,11,Active Duty,KFOR,Kosovo,5,0,5473,1979,422,7874,587,PASS,13.6,40,67,M240B,34,SHARPSHOOTER,AA Degree,Secret,NO,YES,YES,FMTV,Airborne Badge,Army Achievement Medal,Highly Qualified,2018-04-23,Profile,YES,-69,ETS Eligible
US-0354,Clark,Travis,M,25,OH,SPC,E3,11B,Infantry,Combat,DIVARTY,2-12 IN,Alpha,1st PLT,2021-10-27,2.6,TDY,OIF,Iraq,14,2,2259,0,422,2681,520,PASS,20.4,40,36,M9 Pistol,20,MARKSMAN,Some College,TS/SCI,NO,NO,NO,M2A3 Bradley,None,Combat Medic Badge,Qualified,2021-06-26,Limited Duty,YES,-401,ETS Eligible
US-0355,Williams,Michael,M,38,AZ,SGT,E5,94F,Special Electronic Devices Repairer,Maintenance,1st BCT,1-82 FA,Foxtrot,4th PLT,2017-09-30,6.7,TDY,Peacetime,CONUS,0,0,2730,947,422,4099,560,PASS,14.1,66,76,M9 Pistol,22,MARKSMAN,HS Diploma,Secret,YES,NO,NO,None,Combat Medic Badge,Expert Infantryman Badge,Needs Improvement,2022-10-20,Fit for Duty,YES,721,Retained
US-0356,Robinson,Tyler,M,26,TX,MSG,E8,11B,Infantry,Combat,DIVARTY,15th BSB,Charlie,1st PLT,2010-01-10,14.4,Medical Hold,NTC Rotation,Fort Irwin,0,0,4739,1393,422,6554,370,PASS,15.8,42,34,M240B,18,MARKSMAN,HS Diploma,None,YES,NO,NO,M2A3 Bradley,Air Assault Badge,Air Assault Badge,Needs Improvement,2017-07-03,Medical Hold,YES,-257,ETS Eligible
US-0357,Hall,Michael,M,38,TN,2LT,O1,94F,Special Electronic Devices Repairer,Maintenance,DISCOM,1-8 CAV,Bravo,4th PLT,2006-08-21,17.8,Active Duty,NTC Rotation,Fort Irwin,0,0,3637,0,266,3903,596,PASS,15.4,24,56,M4 Carbine,33,SHARPSHOOTER,BA/BS Degree,None,NO,NO,NO,None,Expert Infantryman Badge,Bronze Star Medal,Highly Qualified,2011-02-09,Limited Duty,YES,-413,ETS Eligible
US-0358,Wilson,James,M,25,FL,CPT,O3,15T,UH-60 Helicopter Repairer,Aviation,DISCOM,2-4 AVN,Alpha,HQ PLT,2015-10-25,8.6,Deployed,OIF,Iraq,12,2,4836,0,266,5102,360,PASS,16.2,47,65,M4 Carbine,30,SHARPSHOOTER,MA/MS Degree,Top Secret,NO,YES,NO,None,Army Achievement Medal,Purple Heart,Needs Improvement,2023-05-20,Fit for Duty,YES,1696,Retained
US-0359,Thompson,James,M,45,IL,PFC,E2,11C,Indirect Fire Infantry,Combat,1st BCT,3-66 AR,Delta,2nd PLT,2011-05-05,13.1,Transition,OIF,Iraq,10,1,2149,0,422,2571,493,PASS,21,28,68,M9 Pistol,37,EXPERT,BA/BS Degree,Secret,NO,NO,NO,LMTV,Army Achievement Medal,Army Achievement Medal,Needs Improvement,2017-07-25,Medical Hold,YES,500,Retained
US-0360,Hall,Jason,M,21,TX,CPL,E4,11B,Infantry,Combat,3rd BCT,3-16 FA,Echo,HQ PLT,2015-11-28,8.5,Active Duty,OIR,Iraq/Syria,2,0,2504,0,422,2926,446,PASS,19.7,53,44,M249 SAW,19,MARKSMAN,BA/BS Degree,Secret,NO,NO,NO,None,Purple Heart,None,Qualified,2021-08-06,Fit for Duty,YES,1073,Retained
US-0361,Williams,DeShawn,M,42,TX,1SG,E8,25B,IT Specialist,Signal,DIVARTY,3-16 FA,Delta,1st PLT,2013-08-01,10.8,Active Duty,KFOR,Kosovo,14,2,4739,0,422,5161,510,PASS,14.2,31,72,M4 Carbine,37,EXPERT,AA Degree,Top Secret,NO,NO,NO,FMTV,Bronze Star Medal,None,Needs Improvement,2014-04-13,Limited Duty,YES,-53,ETS Eligible
US-0362,Wright,Keisha,F,19,MI,SGM,E9,25B,IT Specialist,Signal,DIVARTY,87th BSB,Delta,HQ PLT,2021-02-17,3.3,Deployed,Peacetime,CONUS,0,0,5473,1862,422,7757,411,PASS,13.9,44,59,M249 SAW,16,MARKSMAN,AA Degree,Top Secret,NO,NO,NO,None,Bronze Star Medal,Bronze Star Medal,Highly Qualified,2022-05-29,Medical Hold,YES,-450,ETS Eligible
US-0363,Allen,Derek,M,26,PA,2LT,O1,25B,IT Specialist,Signal,3rd BCT,3-66 AR,Delta,4th PLT,2005-05-22,19,Transition,KFOR,Kosovo,0,0,3637,0,266,3903,574,PASS,20.7,50,70,M249 SAW,29,MARKSMAN,AA Degree,Top Secret,YES,NO,NO,None,Army Commendation Medal,Army Achievement Medal,Needs Improvement,2019-02-20,Limited Duty,YES,214,Retained
US-0364,Thompson,Marcus,M,34,MO,CPL,E4,15T,UH-60 Helicopter Repairer,Aviation,1st BCT,3-66 AR,Echo,HQ PLT,2014-11-17,9.5,Transition,Peacetime,CONUS,0,0,2504,0,422,2926,422,PASS,17.2,34,33,M240B,16,MARKSMAN,HS Diploma,Secret,NO,YES,YES,None,None,Purple Heart,Highly Qualified,2017-08-27,Fit for Duty,YES,1021,Retained
US-0365,King,Monique,F,21,MI,MAJ,O4,94F,Special Electronic Devices Repairer,Maintenance,3rd BCT,3-66 AR,Alpha,3rd PLT,2018-08-13,5.8,Active Duty,NTC Rotation,Fort Irwin,0,0,5696,1537,266,7499,481,PASS,20.8,77,71,M9 Pistol,25,MARKSMAN,Some College,Top Secret,NO,NO,YES,FMTV,Airborne Badge,None,Needs Improvement,2023-09-13,Medical Hold,YES,909,Retained
US-0366,Allen,Travis,M,43,TN,PFC,E2,15T,UH-60 Helicopter Repairer,Aviation,DISCOM,3-66 AR,Delta,1st PLT,2006-09-26,17.7,Deployed,OEF,Afghanistan,13,2,2149,0,422,2571,600,PASS,19.7,53,33,M9 Pistol,37,EXPERT,Some College,Top Secret,NO,NO,NO,None,Air Assault Badge,Purple Heart,Needs Improvement,2008-08-03,Limited Duty,YES,487,Retained
US-0367,Clark,Keisha,F,21,FL,1LT,O2,11C,Indirect Fire Infantry,Combat,3rd BCT,15th BSB,HHC,1st PLT,2013-02-15,11.3,Transition,JRTC Rotation,Fort Johnson,0,0,4188,0,266,4454,581,PASS,16.3,46,44,M249 SAW,33,SHARPSHOOTER,BA/BS Degree,Top Secret,NO,NO,NO,M2A3 Bradley,Combat Medic Badge,Meritorious Service Medal,Qualified,2024-02-01,Limited Duty,YES,311,Retained
US-0368,Johnson,Carlos,M,25,VA,SSG,E6,11C,Indirect Fire Infantry,Combat,CAB,2-12 IN,Foxtrot,HQ PLT,2020-12-15,3.5,TDY,KFOR,Kosovo,3,0,2980,0,422,3402,375,PASS,19.6,21,74,M4 Carbine,20,MARKSMAN,HS Diploma,Secret,NO,NO,NO,M1126 Stryker,Air Assault Badge,Meritorious Service Medal,Outstanding,2023-04-26,Medical Hold,YES,-59,ETS Eligible
US-0369,Jackson,DeShawn,M,41,IN,LTC,O5,94F,Special Electronic Devices Repairer,Maintenance,CAB,1-4 AVN,Delta,4th PLT,2011-06-28,12.9,Medical Hold,NTC Rotation,Fort Irwin,0,0,6618,0,266,6884,591,PASS,18.7,66,79,M4 Carbine,20,MARKSMAN,AA Degree,Top Secret,NO,YES,NO,None,Army Commendation Medal,Purple Heart,Outstanding,2022-01-24,Fit for Duty,YES,897,Retained
US-0370,Taylor,Elijah,M,27,PA,2LT,O1,42A,Human Resources Specialist,Admin,3rd BCT,3-66 AR,Bravo,1st PLT,2021-06-24,2.9,TDY,JRTC Rotation,Fort Johnson,0,0,3637,1231,266,5134,450,PASS,16.9,56,69,M4 Carbine,27,MARKSMAN,MA/MS Degree,TS/SCI,NO,YES,NO,FMTV,Bronze Star Medal,None,Needs Improvement,2022-07-25,Fit for Duty,YES,77,ETS Eligible
US-0371,Hall,Michael,M,26,FL,SSG,E6,11B,Infantry,Combat,DIVARTY,1-8 CAV,HHC,HQ PLT,2022-12-03,1.5,Leave,OEF,Afghanistan,0,0,2980,0,422,3402,508,PASS,15.6,38,66,M9 Pistol,32,SHARPSHOOTER,Some College,None,NO,NO,NO,M1A2 Abrams,Combat Infantry Badge,Bronze Star Medal,Highly Qualified,2023-12-26,Medical Hold,NO,-177,ETS Eligible
US-0372,Moore,DeShawn,M,30,IL,SSG,E6,88M,Motor Transport Operator,Logistics,3rd BCT,2-12 IN,Delta,HQ PLT,2020-01-28,4.3,Leave,NTC Rotation,Fort Irwin,0,0,2980,951,422,4353,341,FAIL,20.1,22,57,M240B,22,MARKSMAN,Some College,None,NO,YES,NO,HMMWV,Air Assault Badge,None,Highly Qualified,2024-07-24,Medical Hold,YES,266,Retained
US-0373,Davis,Brianna,F,39,AL,SFC,E7,15T,UH-60 Helicopter Repairer,Aviation,1st BCT,15th BSB,Foxtrot,2nd PLT,2005-01-27,19.3,Medical Hold,KFOR,Kosovo,2,0,3294,0,422,3716,424,PASS,18.5,22,56,M9 Pistol,36,EXPERT,BA/BS Degree,Secret,NO,YES,NO,LMTV,Airborne Badge,None,Needs Improvement,2015-10-16,Limited Duty,YES,710,Retained
US-0374,Brown,Kevin,M,45,CO,SGM,E9,42A,Human Resources Specialist,Admin,CAB,1-82 FA,Bravo,4th PLT,2007-08-07,16.8,Active Duty,OEF,Afghanistan,14,2,5473,0,422,5895,355,FAIL,15.5,45,75,M9 Pistol,31,SHARPSHOOTER,HS Diploma,Top Secret,NO,NO,NO,None,Airborne Badge,None,Qualified,2014-02-14,Medical Hold,YES,1184,Retained
US-0375,Lewis,Amanda,F,42,WA,MAJ,O4,42A,Human Resources Specialist,Admin,3rd BCT,1-8 CAV,Charlie,4th PLT,2021-05-02,3.1,Deployed,OEF,Afghanistan,10,1,5696,0,266,5962,583,PASS,15.1,46,44,M249 SAW,33,SHARPSHOOTER,AA Degree,None,YES,NO,YES,LMTV,Combat Medic Badge,Army Achievement Medal,Needs Improvement,2022-03-08,Fit for Duty,YES,983,Retained
US-0376,Hall,Aaron,M,19,PA,CPT,O3,25B,IT Specialist,Signal,DISCOM,1-41 IN,Charlie,2nd PLT,2013-05-21,11,TDY,OIR,Iraq/Syria,13,2,4836,0,266,5102,559,PASS,20.5,22,31,M4 Carbine,32,SHARPSHOOTER,HS Diploma,Top Secret,YES,YES,NO,M2A3 Bradley,Meritorious Service Medal,Army Commendation Medal,Qualified,2019-01-21,Limited Duty,YES,-153,ETS Eligible
US-0377,Walker,DeShawn,M,33,AZ,MAJ,O4,11B,Infantry,Combat,1st BCT,2-4 AVN,Foxtrot,HQ PLT,2018-07-27,5.8,Medical Hold,OEF,Afghanistan,3,0,5696,2004,266,7966,455,PASS,14.2,58,49,M9 Pistol,32,SHARPSHOOTER,AA Degree,Secret,YES,NO,NO,None,None,None,Needs Improvement,2022-07-23,Limited Duty,YES,1797,Retained
US-0378,Taylor,Ryan,M,21,KY,MSG,E8,42A,Human Resources Specialist,Admin,1st BCT,87th BSB,Echo,4th PLT,2013-05-12,11.1,Leave,NTC Rotation,Fort Irwin,0,0,4739,0,422,5161,493,PASS,16.3,56,31,M249 SAW,30,SHARPSHOOTER,Some College,Top Secret,NO,YES,YES,HMMWV,Purple Heart,None,Highly Qualified,2018-08-10,Profile,YES,-157,ETS Eligible
US-0379,Young,Travis,M,28,IL,COL,O6,88M,Motor Transport Operator,Logistics,DISCOM,21st BSB,Foxtrot,2nd PLT,2006-04-28,18.1,TDY,NTC Rotation,Fort Irwin,0,0,7668,1810,266,9744,367,PASS,16,67,51,M4 Carbine,26,MARKSMAN,AA Degree,Secret,NO,NO,NO,LMTV,None,Meritorious Service Medal,Highly Qualified,2018-06-11,Limited Duty,YES,-167,ETS Eligible
US-0380,Martinez,Elijah,M,41,PA,CPT,O3,12B,Combat Engineer,Combat Support,1st BCT,3-66 AR,HHC,1st PLT,2008-09-23,15.7,Active Duty,OEF,Afghanistan,14,2,4836,0,266,5102,558,PASS,20,51,40,M9 Pistol,20,MARKSMAN,MA/MS Degree,Top Secret,YES,NO,NO,M1126 Stryker,None,Meritorious Service Medal,Outstanding,2020-08-23,Medical Hold,YES,179,ETS Eligible
US-0381,Walker,Derek,M,18,VA,SFC,E7,31B,Military Police,Law Enforcement,DIVARTY,2-4 AVN,Charlie,HQ PLT,2018-07-24,5.9,Medical Hold,OIR,Iraq/Syria,15,2,3294,0,422,3716,359,FAIL,20.5,79,77,M249 SAW,32,SHARPSHOOTER,Some College,Secret,NO,NO,YES,LMTV,None,Army Commendation Medal,Needs Improvement,2023-02-22,Profile,YES,855,Retained
US-0382,Young,Marcus,M,26,NC,LTC,O5,92A,Automated Logistical Specialist,Logistics,2nd BCT,2-5 CAV,Charlie,HQ PLT,2010-01-26,14.3,Active Duty,OIR,Iraq/Syria,0,0,6618,1194,266,8078,589,PASS,14.9,78,57,M240B,27,MARKSMAN,AA Degree,Secret,YES,NO,NO,None,Airborne Badge,Bronze Star Medal,Qualified,2021-09-18,Fit for Duty,YES,1068,Retained
US-0383,Young,Brandon,M,30,AZ,COL,O6,13F,Fire Support Specialist,Combat Support,2nd BCT,1-8 CAV,Foxtrot,2nd PLT,2009-11-09,14.6,TDY,OIF,Iraq,4,0,7668,0,266,7934,329,FAIL,16.5,20,50,M4 Carbine,20,MARKSMAN,BA/BS Degree,Top Secret,YES,YES,NO,None,Air Assault Badge,Meritorious Service Medal,Outstanding,2020-09-16,Limited Duty,YES,798,Retained
US-0384,Garcia,Michael,M,24,AZ,1SG,E8,19D,Cavalry Scout,Combat,2nd BCT,3-16 FA,HHC,4th PLT,2015-12-29,8.4,Leave,JRTC Rotation,Fort Johnson,0,0,4739,0,422,5161,468,PASS,17.2,47,71,M249 SAW,16,MARKSMAN,AA Degree,TS/SCI,NO,NO,NO,M1A2 Abrams,Purple Heart,None,Needs Improvement,2017-03-13,Profile,YES,1310,Retained
US-0385,Johnson,Michael,M,33,NC,SGM,E9,35F,Intelligence Analyst,Intelligence,1st BCT,1-82 FA,Charlie,HQ PLT,2005-04-17,19.1,Transition,Peacetime,CONUS,0,0,5473,0,422,5895,493,PASS,18,61,60,M4 Carbine,38,EXPERT,BA/BS Degree,None,NO,NO,NO,None,None,None,Highly Qualified,2005-08-25,Fit for Duty,YES,127,ETS Eligible
US-0386,Martinez,Luis,M,22,PA,MAJ,O4,25B,IT Specialist,Signal,1st BCT,1-8 CAV,Delta,1st PLT,2012-01-19,12.4,Attached,OIF,Iraq,8,1,5696,0,266,5962,376,PASS,15.3,63,50,M240B,32,SHARPSHOOTER,HS Diploma,None,YES,YES,NO,M1126 Stryker,Army Commendation Medal,Meritorious Service Medal,Outstanding,2016-06-15,Profile,YES,1570,Retained
US-0387,King,Sarah,F,32,FL,PVT,E1,25U,Signal Support Specialist,Signal,3rd BCT,15th BSB,Charlie,1st PLT,2012-08-29,11.8,Attached,KFOR,Kosovo,2,0,1917,1959,422,4298,383,PASS,13.2,78,35,M4 Carbine,21,MARKSMAN,Some College,None,NO,NO,NO,FMTV,Purple Heart,Army Commendation Medal,Qualified,2016-04-14,Medical Hold,YES,43,ETS Eligible
US-0388,Harris,Marcus,M,30,NY,SGM,E9,12B,Combat Engineer,Combat Support,3rd BCT,3-66 AR,HHC,3rd PLT,2014-04-15,10.1,TDY,OEF,Afghanistan,6,1,5473,0,422,5895,515,PASS,14,38,46,M240B,18,MARKSMAN,MA/MS Degree,TS/SCI,NO,YES,NO,HMMWV,Expert Infantryman Badge,None,Needs Improvement,2017-11-21,Profile,YES,682,Retained
US-0389,Walker,Jason,M,31,AL,1SG,E8,11C,Indirect Fire Infantry,Combat,DIVARTY,1-41 IN,Charlie,2nd PLT,2015-06-29,8.9,Leave,OIR,Iraq/Syria,1,0,4739,0,422,5161,455,PASS,16.5,49,67,M240B,34,SHARPSHOOTER,AA Degree,None,NO,YES,NO,M1A2 Abrams,Meritorious Service Medal,Army Commendation Medal,Needs Improvement,2017-02-05,Medical Hold,YES,966,Retained
US-0390,Lewis,Aaron,M,31,CO,SSG,E6,31B,Military Police,Law Enforcement,1st BCT,87th BSB,Foxtrot,HQ PLT,2015-03-29,9.2,TDY,Peacetime,CONUS,0,0,2980,1979,422,5381,419,PASS,18.7,50,45,M240B,35,SHARPSHOOTER,AA Degree,None,NO,NO,YES,M2A3 Bradley,Purple Heart,None,Outstanding,2020-09-28,Limited Duty,YES,181,Retained
US-0391,Allen,Michael,M,22,KY,SGT,E5,12B,Combat Engineer,Combat Support,DISCOM,1-82 FA,Foxtrot,1st PLT,2007-01-11,17.4,Deployed,OIR,Iraq/Syria,4,0,2730,1508,422,4660,365,PASS,15.9,49,30,M249 SAW,21,MARKSMAN,AA Degree,Secret,NO,YES,NO,M1126 Stryker,Bronze Star Medal,None,Qualified,2009-03-29,Fit for Duty,YES,1428,Retained
US-0392,Wilson,Keisha,F,18,IL,COL,O6,15T,UH-60 Helicopter Repairer,Aviation,CAB,87th BSB,Echo,2nd PLT,2022-02-11,2.3,Transition,OIF,Iraq,12,2,7668,1063,266,8997,457,PASS,19,28,55,M240B,37,EXPERT,MA/MS Degree,None,NO,NO,NO,M1126 Stryker,None,Airborne Badge,Outstanding,2024-01-12,Profile,YES,892,Retained
US-0393,Martinez,Travis,M,44,GA,MSG,E8,12B,Combat Engineer,Combat Support,CAB,1-41 IN,Alpha,2nd PLT,2011-10-10,12.6,Medical Hold,KFOR,Kosovo,2,0,4739,1495,422,6656,435,PASS,18.1,47,39,M240B,28,MARKSMAN,BA/BS Degree,Secret,NO,NO,NO,None,None,Army Commendation Medal,Needs Improvement,2013-04-10,Fit for Duty,YES,1156,Retained
US-0394,Moore,Aaron,M,35,AZ,SGT,E5,92A,Automated Logistical Specialist,Logistics,DIVARTY,3-16 FA,Echo,4th PLT,2005-04-05,19.2,Attached,KFOR,Kosovo,12,2,2730,0,422,3152,349,FAIL,15.1,36,77,M9 Pistol,32,SHARPSHOOTER,HS Diploma,Top Secret,YES,YES,NO,None,Purple Heart,None,Needs Improvement,2020-11-14,Profile,YES,556,Retained
US-0395,Clark,Carlos,M,38,CA,PFC,E2,68W,Combat Medic,Medical,3rd BCT,1-8 CAV,Alpha,4th PLT,2015-04-29,9.1,Medical Hold,OIR,Iraq/Syria,1,0,2149,2027,422,4598,441,PASS,14.6,41,73,M4 Carbine,33,SHARPSHOOTER,MA/MS Degree,None,NO,NO,NO,None,Bronze Star Medal,None,Needs Improvement,2015-05-30,Fit for Duty,YES,1676,Retained
US-0396,Garcia,Jessica,F,28,VA,SPC,E3,88M,Motor Transport Operator,Logistics,1st BCT,3-66 AR,Echo,2nd PLT,2019-03-13,5.2,Deployed,KFOR,Kosovo,13,2,2259,1362,422,4043,414,PASS,20.8,64,69,M9 Pistol,17,MARKSMAN,BA/BS Degree,None,NO,NO,YES,None,Army Achievement Medal,None,Highly Qualified,2021-11-18,Limited Duty,YES,-176,ETS Eligible
US-0397,Wilson,Monique,F,26,TX,1SG,E8,25U,Signal Support Specialist,Signal,DIVARTY,15th BSB,HHC,2nd PLT,2020-07-28,3.8,Transition,NTC Rotation,Fort Irwin,0,0,4739,900,422,6061,513,PASS,17.4,33,78,M240B,39,EXPERT,BA/BS Degree,TS/SCI,NO,NO,NO,None,None,Bronze Star Medal,Highly Qualified,2022-04-28,Profile,YES,31,ETS Eligible
US-0398,Lewis,Brandon,M,45,AL,2LT,O1,11C,Indirect Fire Infantry,Combat,2nd BCT,1-41 IN,Alpha,3rd PLT,2009-12-16,14.5,TDY,OIF,Iraq,9,1,3637,2047,266,5950,458,PASS,17.5,60,68,M9 Pistol,31,SHARPSHOOTER,Some College,Top Secret,NO,YES,NO,M1126 Stryker,Air Assault Badge,None,Needs Improvement,2018-01-14,Profile,YES,-368,ETS Eligible
US-0399,Hall,Ryan,M,35,NY,1LT,O2,11C,Indirect Fire Infantry,Combat,2nd BCT,2-4 AVN,HHC,3rd PLT,2011-10-27,12.6,Attached,OIR,Iraq/Syria,10,1,4188,1724,266,6178,375,PASS,12.8,59,67,M240B,34,SHARPSHOOTER,BA/BS Degree,Top Secret,NO,YES,NO,None,Meritorious Service Medal,None,Highly Qualified,2015-11-24,Fit for Duty,YES,365,Retained
US-0400,Garcia,Derek,M,42,MO,SSG,E6,31B,Military Police,Law Enforcement,DISCOM,3-16 FA,HHC,4th PLT,2012-11-23,11.5,Transition,NTC Rotation,Fort Irwin,0,0,2980,1245,422,4647,475,PASS,20.2,37,50,M4 Carbine,37,EXPERT,AA Degree,TS/SCI,NO,NO,NO,None,None,None,Needs Improvement,2015-12-26,Limited Duty,YES,1138,Retained
US-0401,Hall,James,M,38,AL,2LT,O1,31B,Military Police,Law Enforcement,CAB,1-4 AVN,Bravo,1st PLT,2013-08-07,10.8,Active Duty,Peacetime,CONUS,0,0,3637,2137,266,6040,304,FAIL,20.8,46,42,M249 SAW,20,MARKSMAN,HS Diploma,Top Secret,NO,YES,NO,None,Airborne Badge,Army Achievement Medal,Outstanding,2021-09-25,Medical Hold,YES,1761,Retained
US-0402,Lewis,Aaron,M,32,FL,1LT,O2,19D,Cavalry Scout,Combat,2nd BCT,3-66 AR,Delta,2nd PLT,2012-03-28,12.2,Transition,OEF,Afghanistan,9,1,4188,0,266,4454,415,PASS,14.3,49,59,M9 Pistol,23,MARKSMAN,HS Diploma,None,NO,YES,NO,HMMWV,None,None,Outstanding,2023-08-28,Fit for Duty,YES,1425,Retained
US-0403,Clark,Monique,F,22,PA,1SG,E8,94F,Special Electronic Devices Repairer,Maintenance,DISCOM,15th BSB,Alpha,HQ PLT,2019-07-07,4.9,Leave,Peacetime,CONUS,0,0,4739,848,422,6009,439,PASS,16.6,66,33,M9 Pistol,39,EXPERT,MA/MS Degree,TS/SCI,NO,YES,YES,M1126 Stryker,None,None,Outstanding,2023-08-19,Fit for Duty,YES,891,Retained
US-0404,Robinson,Kevin,M,27,TX,SFC,E7,25U,Signal Support Specialist,Signal,1st BCT,1-82 FA,Echo,1st PLT,2015-04-12,9.1,Transition,JRTC Rotation,Fort Johnson,0,0,3294,0,422,3716,517,PASS,18.9,41,48,M240B,30,SHARPSHOOTER,Some College,None,NO,YES,NO,FMTV,None,None,Needs Improvement,2018-04-07,Medical Hold,YES,756,Retained
US-0405,Robinson,Derek,M,29,NY,LTC,O5,15T,UH-60 Helicopter Repairer,Aviation,3rd BCT,3-66 AR,Echo,2nd PLT,2008-04-15,16.1,Leave,Peacetime,CONUS,0,0,6618,1398,266,8282,398,PASS,14.7,34,31,M240B,20,MARKSMAN,MA/MS Degree,TS/SCI,NO,NO,NO,HMMWV,Airborne Badge,None,Needs Improvement,2018-11-19,Medical Hold,YES,192,Retained
US-0406,Robinson,Sarah,F,30,GA,CPT,O3,11B,Infantry,Combat,DISCOM,2-5 CAV,Charlie,2nd PLT,2011-12-09,12.5,Attached,OEF,Afghanistan,7,1,4836,1107,266,6209,351,FAIL,17.7,66,80,M249 SAW,27,MARKSMAN,AA Degree,Secret,NO,NO,YES,None,Expert Infantryman Badge,None,Highly Qualified,2022-12-29,Fit for Duty,YES,1702,Retained
US-0407,Lewis,Marcus,M,25,IN,MSG,E8,13F,Fire Support Specialist,Combat Support,3rd BCT,2-4 AVN,Bravo,2nd PLT,2010-02-14,14.3,Deployed,JRTC Rotation,Fort Johnson,0,0,4739,0,422,5161,572,PASS,12.8,58,47,M240B,18,MARKSMAN,MA/MS Degree,Top Secret,YES,YES,NO,LMTV,None,None,Highly Qualified,2011-02-23,Limited Duty,YES,806,Retained
US-0408,Robinson,Michael,M,33,NC,CPL,E4,68W,Combat Medic,Medical,1st BCT,87th BSB,Bravo,1st PLT,2017-03-02,7.2,Active Duty,Peacetime,CONUS,0,0,2504,1240,422,4166,510,PASS,15,20,67,M4 Carbine,39,EXPERT,AA Degree,Top Secret,NO,NO,NO,FMTV,Expert Infantryman Badge,Combat Medic Badge,Outstanding,2020-05-12,Limited Duty,YES,582,Retained
US-0409,Anderson,Jason,M,34,VA,SGM,E9,15T,UH-60 Helicopter Repairer,Aviation,CAB,2-5 CAV,Foxtrot,2nd PLT,2015-12-09,8.5,Deployed,OIF,Iraq,10,1,5473,1843,422,7738,511,PASS,16.7,31,34,M240B,19,MARKSMAN,AA Degree,None,NO,YES,NO,None,Expert Infantryman Badge,None,Qualified,2018-05-14,Limited Duty,YES,361,Retained
US-0410,Garcia,Jason,M,28,TN,SFC,E7,31B,Military Police,Law Enforcement,CAB,3-66 AR,Foxtrot,2nd PLT,2018-09-08,5.7,Medical Hold,JRTC Rotation,Fort Johnson,0,0,3294,1121,422,4837,594,PASS,20.6,82,60,M9 Pistol,40,EXPERT,AA Degree,Top Secret,NO,YES,NO,None,None,None,Needs Improvement,2024-04-26,Limited Duty,YES,1111,Retained
US-0411,Harris,Ashley,F,32,PA,PFC,E2,42A,Human Resources Specialist,Admin,3rd BCT,1-4 AVN,Foxtrot,2nd PLT,2015-04-01,9.2,TDY,NTC Rotation,Fort Irwin,0,0,2149,0,422,2571,421,PASS,19.5,32,43,M240B,27,MARKSMAN,HS Diploma,Secret,NO,NO,NO,None,Army Commendation Medal,None,Outstanding,2018-08-26,Fit for Duty,YES,1464,Retained
US-0412,Wright,Ashley,F,44,NY,CPT,O3,19D,Cavalry Scout,Combat,DISCOM,87th BSB,Bravo,3rd PLT,2018-08-11,5.8,Leave,Peacetime,CONUS,0,0,4836,0,266,5102,431,PASS,13.4,60,51,M240B,30,SHARPSHOOTER,Some College,None,NO,NO,NO,LMTV,Bronze Star Medal,None,Qualified,2018-12-27,Medical Hold,YES,1295,Retained
US-0413,Allen,Jason,M,26,MI,1SG,E8,88M,Motor Transport Operator,Logistics,DIVARTY,2-12 IN,Echo,1st PLT,2008-02-25,16.3,TDY,NTC Rotation,Fort Irwin,0,0,4739,939,422,6100,518,PASS,20.6,43,79,M249 SAW,21,MARKSMAN,HS Diploma,Top Secret,NO,NO,NO,None,Purple Heart,None,Outstanding,2017-03-19,Profile,YES,1250,Retained
US-0414,Robinson,Amanda,F,35,NC,PFC,E2,25B,IT Specialist,Signal,DIVARTY,1-8 CAV,HHC,3rd PLT,2005-05-13,19.1,Leave,Peacetime,CONUS,0,0,2149,0,422,2571,565,PASS,20.7,75,50,M9 Pistol,25,MARKSMAN,MA/MS Degree,None,YES,NO,YES,HMMWV,Airborne Badge,None,Highly Qualified,2018-09-07,Fit for Duty,YES,281,Retained
US-0415,Anderson,Elijah,M,36,WA,LTC,O5,68W,Combat Medic,Medical,DISCOM,3-66 AR,Echo,3rd PLT,2006-08-22,17.8,TDY,OEF,Afghanistan,10,1,6618,1729,266,8613,440,PASS,20.1,45,66,M4 Carbine,35,SHARPSHOOTER,MA/MS Degree,TS/SCI,NO,NO,NO,M2A3 Bradley,Meritorious Service Medal,None,Qualified,2023-04-09,Limited Duty,YES,952,Retained
US-0416,Davis,Michael,M,42,TN,SFC,E7,25U,Signal Support Specialist,Signal,2nd BCT,2-5 CAV,Alpha,HQ PLT,2018-07-02,5.9,Deployed,NTC Rotation,Fort Irwin,0,0,3294,0,422,3716,457,PASS,17.1,81,34,M240B,23,MARKSMAN,HS Diploma,TS/SCI,NO,YES,NO,HMMWV,None,None,Needs Improvement,2019-05-20,Profile,YES,1036,Retained
US-0417,Wilson,Carlos,M,24,FL,CPT,O3,11B,Infantry,Combat,CAB,87th BSB,Delta,2nd PLT,2009-08-12,14.8,Leave,NTC Rotation,Fort Irwin,0,0,4836,0,266,5102,586,PASS,13.3,31,62,M4 Carbine,21,MARKSMAN,MA/MS Degree,Top Secret,NO,NO,NO,LMTV,None,None,Outstanding,2011-07-07,Medical Hold,YES,1371,Retained
US-0418,Harris,James,M,22,SC,MAJ,O4,42A,Human Resources Specialist,Admin,1st BCT,1-82 FA,Charlie,3rd PLT,2006-06-19,18,Deployed,KFOR,Kosovo,9,1,5696,0,266,5962,531,PASS,18,71,54,M4 Carbine,24,MARKSMAN,Some College,Secret,NO,NO,YES,M1A2 Abrams,None,Purple Heart,Highly Qualified,2007-05-17,Profile,YES,359,Retained
US-0419,Young,Nathan,M,18,AL,MAJ,O4,25B,IT Specialist,Signal,2nd BCT,3-16 FA,Bravo,2nd PLT,2016-08-19,7.8,Transition,OEF,Afghanistan,5,0,5696,0,266,5962,394,PASS,19.2,21,61,M240B,28,MARKSMAN,HS Diploma,Top Secret,YES,YES,NO,M1A2 Abrams,None,None,Needs Improvement,2022-01-18,Profile,YES,1044,Retained
US-0420,Brown,Aaron,M,41,IN,PVT,E1,35F,Intelligence Analyst,Intelligence,2nd BCT,2-5 CAV,Delta,1st PLT,2007-07-10,16.9,TDY,KFOR,Kosovo,14,2,1917,1650,422,3989,290,FAIL,13.6,58,70,M240B,31,SHARPSHOOTER,Some College,Top Secret,YES,NO,NO,None,Expert Infantryman Badge,Bronze Star Medal,Qualified,2009-11-29,Profile,YES,84,ETS Eligible
US-0421,Brown,DeShawn,M,38,CA,CPT,O3,25U,Signal Support Specialist,Signal,DIVARTY,2-5 CAV,Bravo,2nd PLT,2010-08-16,13.8,Leave,OEF,Afghanistan,9,1,4836,1473,266,6575,585,PASS,18.2,53,63,M240B,40,EXPERT,Some College,Secret,YES,NO,NO,None,Combat Infantry Badge,None,Needs Improvement,2024-03-26,Profile,YES,-361,ETS Eligible
US-0422,Harris,Aaron,M,42,KY,2LT,O1,11B,Infantry,Combat,DIVARTY,87th BSB,Delta,3rd PLT,2009-03-19,15.2,TDY,JRTC Rotation,Fort Johnson,0,0,3637,1982,266,5885,424,PASS,16.3,33,59,M9 Pistol,19,MARKSMAN,BA/BS Degree,Secret,NO,NO,NO,M1126 Stryker,None,None,Needs Improvement,2020-08-23,Fit for Duty,YES,576,Retained
US-0423,Clark,Nathan,M,34,MI,PVT,E1,88M,Motor Transport Operator,Logistics,2nd BCT,2-5 CAV,Bravo,4th PLT,2007-06-30,16.9,Attached,OIF,Iraq,9,1,1917,1058,422,3397,332,FAIL,15.1,47,65,M249 SAW,28,MARKSMAN,Some College,None,NO,NO,NO,M1126 Stryker,Air Assault Badge,None,Qualified,2019-02-06,Fit for Duty,YES,443,Retained
US-0424,Garcia,Nathan,M,26,KY,CPL,E4,15T,UH-60 Helicopter Repairer,Aviation,2nd BCT,1-4 AVN,Echo,HQ PLT,2010-01-28,14.3,TDY,NTC Rotation,Fort Irwin,0,0,2504,1111,422,4037,495,PASS,19.8,37,33,M240B,28,MARKSMAN,AA Degree,Secret,NO,YES,YES,LMTV,Air Assault Badge,Expert Infantryman Badge,Outstanding,2023-04-28,Profile,YES,-227,ETS Eligible
US-0425,Davis,Elijah,M,42,WA,SGT,E5,68W,Combat Medic,Medical,2nd BCT,1-41 IN,Delta,2nd PLT,2019-06-29,4.9,Deployed,KFOR,Kosovo,12,2,2730,0,422,3152,405,PASS,14.6,42,34,M240B,20,MARKSMAN,HS Diploma,TS/SCI,NO,NO,NO,LMTV,Meritorious Service Medal,None,Qualified,2020-02-25,Fit for Duty,YES,1429,Retained
US-0426,Taylor,Carlos,M,21,FL,CPL,E4,88M,Motor Transport Operator,Logistics,DISCOM,21st BSB,Delta,2nd PLT,2006-07-31,17.8,Leave,NTC Rotation,Fort Irwin,0,0,2504,1499,422,4425,420,PASS,20.6,22,54,M4 Carbine,36,EXPERT,MA/MS Degree,TS/SCI,NO,YES,NO,None,Expert Infantryman Badge,None,Qualified,2020-11-29,Medical Hold,YES,1525,Retained
US-0427,Williams,Rachel,F,39,PA,CPL,E4,25B,IT Specialist,Signal,3rd BCT,2-4 AVN,Echo,3rd PLT,2010-08-24,13.8,Transition,JRTC Rotation,Fort Johnson,0,0,2504,1840,422,4766,472,PASS,16.1,73,46,M4 Carbine,16,MARKSMAN,HS Diploma,TS/SCI,NO,NO,NO,LMTV,Army Achievement Medal,Expert Infantryman Badge,Qualified,2018-06-06,Limited Duty,YES,1625,Retained
US-0428,Young,Ashley,F,39,TX,CPL,E4,92A,Automated Logistical Specialist,Logistics,DISCOM,2-5 CAV,HHC,1st PLT,2007-08-21,16.8,Attached,NTC Rotation,Fort Irwin,0,0,2504,1288,422,4214,505,PASS,17.4,65,68,M9 Pistol,38,EXPERT,Some College,TS/SCI,YES,NO,NO,None,None,None,Outstanding,2014-05-18,Profile,YES,-96,ETS Eligible
US-0429,Johnson,Elijah,M,45,FL,LTC,O5,25B,IT Specialist,Signal,3rd BCT,1-82 FA,Foxtrot,3rd PLT,2012-11-26,11.5,Leave,OEF,Afghanistan,8,1,6618,0,266,6884,424,PASS,15.3,64,70,M249 SAW,22,MARKSMAN,AA Degree,TS/SCI,NO,YES,NO,FMTV,Air Assault Badge,Air Assault Badge,Needs Improvement,2017-02-07,Medical Hold,YES,796,Retained
US-0430,Martinez,Tyler,M,23,AZ,CPT,O3,35F,Intelligence Analyst,Intelligence,DIVARTY,87th BSB,Echo,2nd PLT,2021-12-20,2.4,Transition,KFOR,Kosovo,6,1,4836,1342,266,6444,475,PASS,15.5,71,58,M249 SAW,21,MARKSMAN,MA/MS Degree,Top Secret,NO,NO,NO,None,Purple Heart,None,Qualified,2021-07-05,Fit for Duty,YES,1157,Retained
US-0431,Moore,Luis,M,38,OH,1LT,O2,42A,Human Resources Specialist,Admin,2nd BCT,3-16 FA,Alpha,3rd PLT,2018-10-05,5.7,Attached,Peacetime,CONUS,0,0,4188,968,266,5422,415,PASS,21,48,32,M249 SAW,37,EXPERT,Some College,Secret,NO,YES,NO,None,Bronze Star Medal,None,Qualified,2018-03-27,Fit for Duty,YES,1479,Retained
US-0432,Hall,Rachel,F,28,IL,SFC,E7,42A,Human Resources Specialist,Admin,2nd BCT,15th BSB,HHC,4th PLT,2019-01-26,5.3,Transition,Peacetime,CONUS,0,0,3294,1592,422,5308,424,PASS,18.5,82,53,M9 Pistol,27,MARKSMAN,MA/MS Degree,Top Secret,YES,NO,NO,None,Purple Heart,Combat Medic Badge,Needs Improvement,2024-09-09,Profile,YES,1448,Retained
US-0433,Young,Tyler,M,20,TN,MSG,E8,19D,Cavalry Scout,Combat,3rd BCT,2-4 AVN,Echo,HQ PLT,2010-01-09,14.4,Transition,KFOR,Kosovo,8,1,4739,0,422,5161,592,PASS,16.4,48,61,M9 Pistol,18,MARKSMAN,HS Diploma,None,NO,NO,NO,FMTV,Combat Infantry Badge,None,Outstanding,2010-08-14,Medical Hold,YES,1510,Retained
US-0434,Davis,Keisha,F,36,GA,CPT,O3,13F,Fire Support Specialist,Combat Support,DISCOM,87th BSB,Charlie,HQ PLT,2020-08-21,3.8,Attached,JRTC Rotation,Fort Johnson,0,0,4836,1423,266,6525,498,PASS,14.5,71,62,M249 SAW,40,EXPERT,HS Diploma,None,YES,NO,NO,FMTV,Air Assault Badge,Airborne Badge,Needs Improvement,2020-11-26,Fit for Duty,YES,297,Retained
US-0435,Garcia,Aaron,M,23,PA,PVT,E1,15T,UH-60 Helicopter Repairer,Aviation,CAB,2-4 AVN,Alpha,3rd PLT,2006-12-31,17.4,Deployed,OIF,Iraq,12,2,1917,1975,422,4314,532,PASS,19.3,44,74,M249 SAW,26,MARKSMAN,BA/BS Degree,TS/SCI,NO,NO,YES,None,Combat Infantry Badge,None,Needs Improvement,2020-07-08,Profile,YES,-166,ETS Eligible
US-0436,Brown,Carlos,M,33,NC,1SG,E8,11B,Infantry,Combat,DIVARTY,1-8 CAV,HHC,1st PLT,2020-04-24,4.1,Attached,OIR,Iraq/Syria,3,0,4739,0,422,5161,292,FAIL,20.7,53,30,M240B,28,MARKSMAN,MA/MS Degree,None,NO,YES,NO,M1A2 Abrams,Bronze Star Medal,None,Needs Improvement,2024-11-21,Profile,YES,133,ETS Eligible
US-0437,Lewis,Aaron,M,44,AZ,SSG,E6,88M,Motor Transport Operator,Logistics,2nd BCT,87th BSB,Alpha,HQ PLT,2005-11-14,18.5,Transition,Peacetime,CONUS,0,0,2980,1046,422,4448,382,PASS,20.4,26,52,M249 SAW,19,MARKSMAN,BA/BS Degree,Top Secret,NO,NO,NO,M1A2 Abrams,Expert Infantryman Badge,None,Qualified,2012-08-03,Fit for Duty,YES,508,Retained
US-0438,Thompson,Luis,M,30,CO,COL,O6,13F,Fire Support Specialist,Combat Support,CAB,1-8 CAV,Charlie,1st PLT,2015-10-11,8.6,Deployed,NTC Rotation,Fort Irwin,0,0,7668,0,266,7934,454,PASS,19.7,25,72,M9 Pistol,40,EXPERT,BA/BS Degree,TS/SCI,NO,NO,NO,HMMWV,Air Assault Badge,Bronze Star Medal,Needs Improvement,2016-03-03,Fit for Duty,YES,816,Retained
US-0439,Harris,Maria,F,35,CA,SGM,E9,68W,Combat Medic,Medical,3rd BCT,1-4 AVN,Echo,1st PLT,2016-10-31,7.6,Active Duty,NTC Rotation,Fort Irwin,0,0,5473,0,422,5895,582,PASS,20.5,39,67,M249 SAW,36,EXPERT,BA/BS Degree,Top Secret,NO,YES,NO,FMTV,Purple Heart,Air Assault Badge,Highly Qualified,2023-11-03,Profile,YES,-317,ETS Eligible
US-0440,Lewis,Tyler,M,22,NY,SSG,E6,94F,Special Electronic Devices Repairer,Maintenance,2nd BCT,2-4 AVN,Charlie,1st PLT,2021-01-06,3.4,Medical Hold,OEF,Afghanistan,15,2,2980,0,422,3402,349,FAIL,12.9,44,43,M240B,16,MARKSMAN,MA/MS Degree,Secret,NO,NO,YES,M1126 Stryker,Combat Medic Badge,Purple Heart,Qualified,2023-05-16,Profile,YES,768,Retained
US-0441,Clark,Brandon,M,35,WA,PVT,E1,42A,Human Resources Specialist,Admin,CAB,3-16 FA,Charlie,2nd PLT,2022-06-24,1.9,Active Duty,KFOR,Kosovo,8,1,1917,0,422,2339,519,PASS,17.8,45,32,M249 SAW,37,EXPERT,Some College,Secret,NO,YES,NO,FMTV,None,None,Highly Qualified,2024-03-26,Medical Hold,NO,666,Retained
US-0442,Allen,Derek,M,37,TN,1SG,E8,11C,Indirect Fire Infantry,Combat,1st BCT,3-16 FA,Foxtrot,2nd PLT,2006-12-10,17.5,Deployed,Peacetime,CONUS,0,0,4739,0,422,5161,535,PASS,13.6,22,60,M4 Carbine,19,MARKSMAN,BA/BS Degree,None,YES,YES,NO,M1A2 Abrams,Combat Medic Badge,None,Outstanding,2020-11-13,Profile,YES,1562,Retained
US-0443,Moore,Michael,M,34,VA,PFC,E2,92A,Automated Logistical Specialist,Logistics,1st BCT,3-66 AR,Charlie,3rd PLT,2008-12-08,15.5,Active Duty,OIR,Iraq/Syria,14,2,2149,0,422,2571,548,PASS,15.8,29,48,M4 Carbine,23,MARKSMAN,MA/MS Degree,TS/SCI,YES,YES,NO,None,Combat Infantry Badge,Purple Heart,Outstanding,2015-02-14,Profile,YES,-268,ETS Eligible
US-0444,Clark,DeShawn,M,36,AZ,PVT,E1,92A,Automated Logistical Specialist,Logistics,DISCOM,3-66 AR,Echo,3rd PLT,2013-04-23,11.1,Attached,OIF,Iraq,4,0,1917,0,422,2339,319,FAIL,12.6,20,66,M9 Pistol,40,EXPERT,AA Degree,None,YES,YES,NO,FMTV,Airborne Badge,None,Qualified,2018-05-01,Limited Duty,YES,1509,Retained
US-0445,King,Nathan,M,45,IL,LTC,O5,68W,Combat Medic,Medical,2nd BCT,87th BSB,HHC,3rd PLT,2010-01-08,14.4,Deployed,OEF,Afghanistan,9,1,6618,0,266,6884,372,PASS,20.7,44,46,M240B,39,EXPERT,BA/BS Degree,None,NO,NO,NO,M1126 Stryker,Army Commendation Medal,None,Needs Improvement,2014-09-01,Profile,YES,1162,Retained
US-0446,Lewis,Rachel,F,24,AZ,LTC,O5,68W,Combat Medic,Medical,CAB,87th BSB,Charlie,3rd PLT,2012-04-24,12.1,Medical Hold,JRTC Rotation,Fort Johnson,0,0,6618,0,266,6884,401,PASS,18.6,33,45,M249 SAW,34,SHARPSHOOTER,Some College,TS/SCI,NO,NO,NO,None,Combat Medic Badge,None,Needs Improvement,2022-02-22,Limited Duty,YES,730,Retained
US-0447,Wilson,Ashley,F,32,IL,SFC,E7,35F,Intelligence Analyst,Intelligence,DIVARTY,3-66 AR,Echo,4th PLT,2016-08-10,7.8,Transition,KFOR,Kosovo,5,0,3294,0,422,3716,378,PASS,18.4,44,66,M240B,39,EXPERT,Some College,Secret,NO,NO,NO,None,None,Combat Infantry Badge,Outstanding,2024-07-23,Limited Duty,YES,1673,Retained
US-0448,Martinez,Tyler,M,21,KY,SPC,E3,11B,Infantry,Combat,1st BCT,1-8 CAV,Charlie,1st PLT,2012-01-11,12.4,Active Duty,OIR,Iraq/Syria,6,1,2259,0,422,2681,451,PASS,15.1,24,53,M9 Pistol,31,SHARPSHOOTER,MA/MS Degree,Secret,NO,YES,NO,None,Purple Heart,Bronze Star Medal,Needs Improvement,2024-05-21,Limited Duty,YES,1423,Retained
US-0449,Brown,Kevin,M,20,NC,SGT,E5,94F,Special Electronic Devices Repairer,Maintenance,CAB,2-5 CAV,Foxtrot,1st PLT,2008-01-16,16.4,Medical Hold,KFOR,Kosovo,15,2,2730,1576,422,4728,475,PASS,13.9,21,67,M9 Pistol,34,SHARPSHOOTER,Some College,Top Secret,NO,YES,NO,M2A3 Bradley,Airborne Badge,None,Highly Qualified,2010-06-28,Medical Hold,YES,307,Retained
US-0450,Martinez,Derek,M,28,CA,1LT,O2,92A,Automated Logistical Specialist,Logistics,CAB,1-8 CAV,HHC,HQ PLT,2014-05-16,10,Leave,OEF,Afghanistan,11,1,4188,0,266,4454,302,FAIL,16.9,82,63,M9 Pistol,26,MARKSMAN,AA Degree,Top Secret,NO,NO,NO,M1126 Stryker,Combat Infantry Badge,None,Qualified,2020-03-08,Limited Duty,YES,-372,ETS Eligible
US-0451,Allen,James,M,26,FL,PVT,E1,25U,Signal Support Specialist,Signal,CAB,1-41 IN,Delta,4th PLT,2013-09-17,10.7,Leave,OIF,Iraq,8,1,1917,1568,422,3907,507,PASS,15.6,52,80,M9 Pistol,38,EXPERT,BA/BS Degree,Top Secret,NO,NO,NO,M1126 Stryker,Purple Heart,None,Needs Improvement,2024-05-31,Fit for Duty,YES,-36,ETS Eligible
US-0452,Brown,Luis,M,19,NY,MSG,E8,11C,Indirect Fire Infantry,Combat,2nd BCT,1-82 FA,Alpha,2nd PLT,2017-10-30,6.6,Leave,NTC Rotation,Fort Irwin,0,0,4739,0,422,5161,296,FAIL,19.8,20,76,M240B,35,SHARPSHOOTER,Some College,Top Secret,YES,NO,YES,None,Army Achievement Medal,None,Outstanding,2018-01-11,Fit for Duty,YES,-485,ETS Eligible
US-0453,Wright,Amanda,F,24,PA,MSG,E8,13F,Fire Support Specialist,Combat Support,1st BCT,2-4 AVN,Alpha,4th PLT,2012-03-09,12.2,Medical Hold,JRTC Rotation,Fort Johnson,0,0,4739,0,422,5161,543,PASS,16.5,32,75,M249 SAW,31,SHARPSHOOTER,Some College,Secret,YES,YES,NO,FMTV,Bronze Star Medal,Airborne Badge,Highly Qualified,2013-09-12,Profile,YES,270,Retained
US-0454,Thompson,Jason,M,41,CA,SSG,E6,42A,Human Resources Specialist,Admin,DISCOM,21st BSB,Charlie,HQ PLT,2014-04-01,10.2,Active Duty,Peacetime,CONUS,0,0,2980,2111,422,5513,413,PASS,14.4,36,52,M4 Carbine,36,EXPERT,MA/MS Degree,None,YES,NO,NO,None,None,None,Qualified,2022-07-29,Limited Duty,YES,1326,Retained
US-0455,Moore,DeShawn,M,31,MO,1LT,O2,19D,Cavalry Scout,Combat,DISCOM,21st BSB,Echo,1st PLT,2017-10-07,6.7,Deployed,OIR,Iraq/Syria,10,1,4188,1723,266,6177,545,PASS,18.8,50,53,M240B,40,EXPERT,BA/BS Degree,Secret,YES,NO,NO,HMMWV,Expert Infantryman Badge,None,Qualified,2022-03-15,Medical Hold,YES,1402,Retained
US-0456,Davis,Sarah,F,24,TX,CPT,O3,42A,Human Resources Specialist,Admin,1st BCT,3-66 AR,Foxtrot,3rd PLT,2013-07-22,10.9,Medical Hold,NTC Rotation,Fort Irwin,0,0,4836,0,266,5102,378,PASS,15.9,20,57,M249 SAW,34,SHARPSHOOTER,BA/BS Degree,TS/SCI,NO,NO,NO,None,Combat Infantry Badge,None,Highly Qualified,2019-03-25,Limited Duty,YES,432,Retained
US-0457,Young,Ryan,M,39,MI,COL,O6,42A,Human Resources Specialist,Admin,CAB,3-66 AR,Delta,1st PLT,2012-12-04,11.5,Leave,OIF,Iraq,2,0,7668,1462,266,9396,555,PASS,17.7,29,45,M9 Pistol,22,MARKSMAN,BA/BS Degree,Secret,NO,NO,NO,LMTV,Meritorious Service Medal,None,Needs Improvement,2018-04-28,Fit for Duty,YES,897,Retained
US-0458,Jackson,Luis,M,37,IL,COL,O6,11C,Indirect Fire Infantry,Combat,1st BCT,87th BSB,Charlie,4th PLT,2010-07-10,13.9,Deployed,OEF,Afghanistan,10,1,7668,1278,266,9212,433,PASS,17.9,77,60,M240B,34,SHARPSHOOTER,Some College,Top Secret,NO,NO,NO,M1A2 Abrams,None,None,Qualified,2017-01-11,Limited Duty,YES,1592,Retained
US-0459,Davis,Travis,M,33,KY,2LT,O1,11C,Indirect Fire Infantry,Combat,DIVARTY,87th BSB,Delta,HQ PLT,2021-04-29,3.1,Deployed,OIR,Iraq/Syria,2,0,3637,1720,266,5623,431,PASS,19.1,70,79,M249 SAW,27,MARKSMAN,Some College,None,NO,NO,NO,HMMWV,None,None,Qualified,2022-10-06,Medical Hold,YES,1696,Retained
US-0460,Young,Michael,M,42,NY,CPL,E4,25U,Signal Support Specialist,Signal,DISCOM,1-8 CAV,Echo,2nd PLT,2016-09-28,7.7,Active Duty,NTC Rotation,Fort Irwin,0,0,2504,1832,422,4758,295,FAIL,14.6,44,57,M240B,24,MARKSMAN,BA/BS Degree,TS/SCI,YES,NO,NO,LMTV,Combat Medic Badge,None,Highly Qualified,2020-12-24,Limited Duty,YES,786,Retained
US-0461,Lewis,Brandon,M,30,NC,1SG,E8,13F,Fire Support Specialist,Combat Support,DISCOM,21st BSB,Delta,3rd PLT,2008-08-27,15.8,Transition,Peacetime,CONUS,0,0,4739,1063,422,6224,457,PASS,20.6,27,33,M9 Pistol,27,MARKSMAN,AA Degree,None,NO,NO,NO,M1126 Stryker,Combat Infantry Badge,None,Outstanding,2020-09-07,Fit for Duty,YES,-339,ETS Eligible
US-0462,Robinson,Luis,M,35,FL,SPC,E3,94F,Special Electronic Devices Repairer,Maintenance,1st BCT,3-66 AR,Bravo,1st PLT,2016-09-22,7.7,Transition,OEF,Afghanistan,7,1,2259,988,422,3669,501,PASS,20.8,41,35,M240B,40,EXPERT,Some College,TS/SCI,NO,NO,NO,None,Army Achievement Medal,None,Highly Qualified,2024-07-21,Limited Duty,YES,568,Retained
US-0463,Williams,Kevin,M,35,FL,PVT,E1,11B,Infantry,Combat,DISCOM,2-4 AVN,Bravo,4th PLT,2005-12-14,18.5,Transition,OIF,Iraq,7,1,1917,0,422,2339,453,PASS,20.6,28,62,M240B,28,MARKSMAN,HS Diploma,Top Secret,NO,YES,NO,M2A3 Bradley,None,Meritorious Service Medal,Highly Qualified,2010-02-24,Profile,YES,1513,Retained
US-0464,Martinez,Nathan,M,37,SC,1LT,O2,88M,Motor Transport Operator,Logistics,2nd BCT,3-16 FA,Bravo,2nd PLT,2017-01-10,7.4,Leave,OIF,Iraq,9,1,4188,1344,266,5798,421,PASS,16.8,30,42,M240B,22,MARKSMAN,BA/BS Degree,Top Secret,NO,YES,NO,None,Purple Heart,Meritorious Service Medal,Highly Qualified,2017-06-20,Profile,YES,1087,Retained
US-0465,Wilson,Michael,M,41,WA,SGM,E9,25B,IT Specialist,Signal,DISCOM,1-4 AVN,Bravo,HQ PLT,2011-10-22,12.6,Attached,OIR,Iraq/Syria,14,2,5473,0,422,5895,401,PASS,17.3,76,46,M4 Carbine,25,MARKSMAN,BA/BS Degree,Top Secret,NO,NO,NO,M2A3 Bradley,Army Commendation Medal,None,Qualified,2022-01-10,Limited Duty,YES,1466,Retained
US-0466,Martinez,Kevin,M,27,CA,CPL,E4,94F,Special Electronic Devices Repairer,Maintenance,1st BCT,1-8 CAV,HHC,1st PLT,2005-04-02,19.2,Active Duty,OIR,Iraq/Syria,0,0,2504,1421,422,4347,339,FAIL,15.7,56,40,M4 Carbine,27,MARKSMAN,HS Diploma,Top Secret,NO,NO,YES,None,Combat Medic Badge,Meritorious Service Medal,Needs Improvement,2015-04-02,Medical Hold,YES,338,Retained
US-0467,Robinson,James,M,31,MO,SSG,E6,11B,Infantry,Combat,1st BCT,2-5 CAV,Echo,2nd PLT,2015-03-19,9.2,Medical Hold,NTC Rotation,Fort Irwin,0,0,2980,1987,422,5389,535,PASS,14.8,64,66,M4 Carbine,39,EXPERT,BA/BS Degree,TS/SCI,YES,YES,NO,LMTV,None,None,Highly Qualified,2015-06-30,Profile,YES,-242,ETS Eligible
US-0468,Robinson,Derek,M,35,NC,SFC,E7,31B,Military Police,Law Enforcement,3rd BCT,1-8 CAV,Echo,3rd PLT,2009-03-21,15.2,TDY,OEF,Afghanistan,14,2,3294,0,422,3716,576,PASS,19.9,73,57,M9 Pistol,23,MARKSMAN,AA Degree,None,NO,NO,NO,LMTV,None,Army Commendation Medal,Needs Improvement,2012-04-08,Medical Hold,YES,813,Retained
US-0469,Garcia,Elijah,M,19,WA,CPT,O3,35F,Intelligence Analyst,Intelligence,CAB,1-82 FA,Foxtrot,3rd PLT,2008-04-24,16.1,Leave,NTC Rotation,Fort Irwin,0,0,4836,2177,266,7279,511,PASS,18.2,46,53,M4 Carbine,35,SHARPSHOOTER,MA/MS Degree,TS/SCI,NO,NO,NO,LMTV,Bronze Star Medal,Purple Heart,Needs Improvement,2022-03-11,Profile,YES,153,ETS Eligible
US-0470,Harris,Michael,M,25,IN,SPC,E3,25B,IT Specialist,Signal,CAB,2-5 CAV,HHC,HQ PLT,2005-12-10,18.5,TDY,Peacetime,CONUS,0,0,2259,0,422,2681,374,PASS,14.7,55,72,M249 SAW,37,EXPERT,AA Degree,Top Secret,NO,NO,NO,M1A2 Abrams,None,Expert Infantryman Badge,Highly Qualified,2010-01-24,Limited Duty,YES,1358,Retained
US-0471,Johnson,Michael,M,32,GA,CPL,E4,68W,Combat Medic,Medical,2nd BCT,2-5 CAV,Echo,3rd PLT,2010-06-05,14,Deployed,NTC Rotation,Fort Irwin,0,0,2504,1631,422,4557,339,FAIL,19.5,54,70,M249 SAW,16,MARKSMAN,BA/BS Degree,Secret,YES,YES,NO,M1A2 Abrams,Army Commendation Medal,None,Highly Qualified,2023-05-28,Medical Hold,YES,729,Retained
US-0472,Jackson,Travis,M,37,TN,SFC,E7,25U,Signal Support Specialist,Signal,CAB,21st BSB,HHC,4th PLT,2019-04-01,5.2,Attached,Peacetime,CONUS,0,0,3294,0,422,3716,545,PASS,18.3,82,32,M240B,27,MARKSMAN,BA/BS Degree,TS/SCI,YES,NO,NO,None,Army Commendation Medal,None,Outstanding,2024-06-19,Fit for Duty,YES,-145,ETS Eligible
US-0473,Hall,Brianna,F,23,MO,SPC,E3,11C,Indirect Fire Infantry,Combat,2nd BCT,2-4 AVN,Foxtrot,1st PLT,2015-03-14,9.2,Transition,KFOR,Kosovo,10,1,2259,1294,422,3975,521,PASS,12.8,39,65,M249 SAW,35,SHARPSHOOTER,AA Degree,None,NO,YES,NO,LMTV,Meritorious Service Medal,None,Qualified,2022-05-01,Limited Duty,YES,-301,ETS Eligible
US-0474,Walker,Tyler,M,25,WA,COL,O6,12B,Combat Engineer,Combat Support,CAB,2-12 IN,Foxtrot,2nd PLT,2005-11-23,18.5,Attached,OIR,Iraq/Syria,10,1,7668,0,266,7934,391,PASS,18.3,81,34,M9 Pistol,31,SHARPSHOOTER,MA/MS Degree,TS/SCI,YES,NO,NO,None,Combat Medic Badge,None,Qualified,2014-12-22,Limited Duty,YES,-25,ETS Eligible
US-0475,Davis,Aaron,M,33,AZ,SGT,E5,19D,Cavalry Scout,Combat,DIVARTY,21st BSB,Alpha,4th PLT,2016-02-17,8.3,Active Duty,OIR,Iraq/Syria,13,2,2730,842,422,3994,532,PASS,17.9,26,56,M4 Carbine,24,MARKSMAN,MA/MS Degree,None,NO,NO,NO,M2A3 Bradley,Meritorious Service Medal,Meritorious Service Medal,Highly Qualified,2017-05-10,Profile,YES,-402,ETS Eligible
US-0476,Allen,DeShawn,M,18,TN,SSG,E6,15T,UH-60 Helicopter Repairer,Aviation,2nd BCT,87th BSB,Echo,HQ PLT,2013-05-17,11,Deployed,Peacetime,CONUS,0,0,2980,1338,422,4740,384,PASS,13.1,70,72,M9 Pistol,19,MARKSMAN,HS Diploma,Top Secret,NO,NO,NO,None,Air Assault Badge,None,Qualified,2018-12-19,Fit for Duty,YES,1673,Retained
US-0477,Davis,Derek,M,36,NC,2LT,O1,94F,Special Electronic Devices Repairer,Maintenance,2nd BCT,87th BSB,Foxtrot,2nd PLT,2009-03-26,15.2,Attached,JRTC Rotation,Fort Johnson,0,0,3637,1772,266,5675,488,PASS,16.6,26,41,M4 Carbine,20,MARKSMAN,Some College,None,NO,NO,YES,M1126 Stryker,None,None,Qualified,2014-01-21,Limited Duty,YES,575,Retained
US-0478,Clark,Ashley,F,37,TX,PFC,E2,25B,IT Specialist,Signal,3rd BCT,3-16 FA,Alpha,2nd PLT,2020-01-25,4.4,Deployed,JRTC Rotation,Fort Johnson,0,0,2149,1565,422,4136,355,FAIL,16.3,73,44,M9 Pistol,35,SHARPSHOOTER,BA/BS Degree,Top Secret,NO,YES,NO,FMTV,None,Meritorious Service Medal,Qualified,2024-12-31,Fit for Duty,YES,96,ETS Eligible
US-0479,Anderson,Nathan,M,28,KY,CPT,O3,25U,Signal Support Specialist,Signal,CAB,1-4 AVN,Foxtrot,3rd PLT,2011-10-23,12.6,Medical Hold,NTC Rotation,Fort Irwin,0,0,4836,1896,266,6998,551,PASS,20.3,74,60,M9 Pistol,28,MARKSMAN,MA/MS Degree,Top Secret,YES,NO,NO,None,None,None,Qualified,2017-01-06,Fit for Duty,YES,611,Retained
US-0480,Moore,Kevin,M,34,NC,2LT,O1,94F,Special Electronic Devices Repairer,Maintenance,2nd BCT,21st BSB,Bravo,3rd PLT,2011-11-15,12.5,Leave,OEF,Afghanistan,10,1,3637,1860,266,5763,386,PASS,14.9,58,57,M249 SAW,40,EXPERT,HS Diploma,Top Secret,NO,NO,NO,M2A3 Bradley,None,None,Needs Improvement,2024-05-31,Medical Hold,YES,881,Retained
US-0481,Jackson,Ryan,M,36,PA,MSG,E8,42A,Human Resources Specialist,Admin,CAB,2-4 AVN,Charlie,HQ PLT,2015-04-19,9.1,Attached,Peacetime,CONUS,0,0,4739,0,422,5161,353,FAIL,14.7,24,46,M9 Pistol,33,SHARPSHOOTER,MA/MS Degree,Top Secret,NO,NO,NO,None,Meritorious Service Medal,None,Qualified,2015-07-28,Limited Duty,YES,1251,Retained
US-0482,Brown,Maria,F,28,MI,COL,O6,42A,Human Resources Specialist,Admin,CAB,1-82 FA,Alpha,2nd PLT,2009-01-23,15.4,Deployed,OIF,Iraq,11,1,7668,0,266,7934,570,PASS,19.7,37,36,M240B,20,MARKSMAN,AA Degree,None,YES,YES,YES,M2A3 Bradley,None,None,Outstanding,2013-12-11,Medical Hold,YES,592,Retained
US-0483,Davis,Kevin,M,23,IL,PVT,E1,88M,Motor Transport Operator,Logistics,DIVARTY,1-82 FA,Foxtrot,2nd PLT,2008-11-08,15.6,Deployed,NTC Rotation,Fort Irwin,0,0,1917,0,422,2339,336,FAIL,17.1,21,40,M240B,31,SHARPSHOOTER,AA Degree,Secret,NO,NO,NO,None,Army Achievement Medal,None,Outstanding,2023-01-20,Fit for Duty,YES,763,Retained
US-0484,Young,Maria,F,34,MI,CPT,O3,68W,Combat Medic,Medical,2nd BCT,1-41 IN,Alpha,1st PLT,2014-03-01,10.3,Medical Hold,JRTC Rotation,Fort Johnson,0,0,4836,1709,266,6811,484,PASS,13.8,76,54,M4 Carbine,33,SHARPSHOOTER,BA/BS Degree,Top Secret,NO,YES,NO,M1126 Stryker,None,None,Outstanding,2015-08-15,Limited Duty,YES,-184,ETS Eligible
US-0485,Harris,Sarah,F,33,CO,SFC,E7,13F,Fire Support Specialist,Combat Support,3rd BCT,1-82 FA,Delta,3rd PLT,2010-07-31,13.8,Medical Hold,JRTC Rotation,Fort Johnson,0,0,3294,0,422,3716,302,FAIL,15.7,76,60,M249 SAW,36,EXPERT,BA/BS Degree,Top Secret,NO,NO,YES,None,None,None,Highly Qualified,2015-09-20,Limited Duty,YES,926,Retained
US-0486,Jackson,Brandon,M,26,MO,1SG,E8,68W,Combat Medic,Medical,2nd BCT,3-66 AR,Bravo,HQ PLT,2019-06-20,5,Active Duty,Peacetime,CONUS,0,0,4739,0,422,5161,476,PASS,19.7,82,54,M4 Carbine,40,EXPERT,Some College,None,NO,YES,NO,None,Combat Medic Badge,None,Qualified,2023-11-21,Medical Hold,YES,640,Retained
US-0487,Clark,Kevin,M,42,TN,SGM,E9,12B,Combat Engineer,Combat Support,DIVARTY,2-5 CAV,Bravo,1st PLT,2018-12-05,5.5,TDY,OIF,Iraq,5,0,5473,1390,422,7285,410,PASS,20.5,77,40,M4 Carbine,22,MARKSMAN,Some College,Secret,YES,NO,NO,M2A3 Bradley,Airborne Badge,Army Achievement Medal,Highly Qualified,2020-10-03,Profile,YES,-465,ETS Eligible
US-0488,Anderson,Aaron,M,42,CA,PVT,E1,88M,Motor Transport Operator,Logistics,DIVARTY,1-8 CAV,Delta,2nd PLT,2008-09-30,15.7,Leave,OIF,Iraq,15,2,1917,0,422,2339,583,PASS,14.6,58,53,M240B,30,SHARPSHOOTER,HS Diploma,Secret,NO,NO,NO,None,Combat Medic Badge,None,Highly Qualified,2014-06-10,Limited Duty,YES,1387,Retained
US-0489,Harris,Lauren,F,31,AZ,CPT,O3,94F,Special Electronic Devices Repairer,Maintenance,DIVARTY,87th BSB,Echo,HQ PLT,2012-12-09,11.5,Transition,NTC Rotation,Fort Irwin,0,0,4836,2040,266,7142,375,PASS,18.9,53,56,M9 Pistol,20,MARKSMAN,BA/BS Degree,Top Secret,NO,YES,NO,None,None,None,Highly Qualified,2019-01-20,Medical Hold,YES,1495,Retained
US-0490,Wilson,James,M,19,IL,MAJ,O4,31B,Military Police,Law Enforcement,DISCOM,3-66 AR,Delta,HQ PLT,2022-09-24,1.7,TDY,NTC Rotation,Fort Irwin,0,0,5696,1086,266,7048,406,PASS,15.9,29,31,M9 Pistol,24,MARKSMAN,Some College,Secret,NO,YES,NO,None,Expert Infantryman Badge,None,Outstanding,2022-04-19,Fit for Duty,NO,935,Retained
US-0491,King,Rachel,F,29,TX,MAJ,O4,11C,Indirect Fire Infantry,Combat,DIVARTY,2-12 IN,Charlie,HQ PLT,2017-05-16,7,Active Duty,KFOR,Kosovo,1,0,5696,0,266,5962,549,PASS,15.5,32,49,M249 SAW,16,MARKSMAN,BA/BS Degree,None,NO,NO,NO,None,Army Achievement Medal,None,Needs Improvement,2023-11-16,Limited Duty,YES,1385,Retained
US-0492,Taylor,Jason,M,20,MI,1LT,O2,11B,Infantry,Combat,DIVARTY,21st BSB,Alpha,4th PLT,2022-01-05,2.4,Leave,KFOR,Kosovo,13,2,4188,0,266,4454,579,PASS,18.2,55,76,M4 Carbine,20,MARKSMAN,BA/BS Degree,Top Secret,NO,YES,NO,None,Meritorious Service Medal,None,Outstanding,2022-03-27,Medical Hold,YES,-320,ETS Eligible
US-0493,Davis,James,M,21,FL,SFC,E7,42A,Human Resources Specialist,Admin,DIVARTY,1-41 IN,Delta,2nd PLT,2014-07-30,9.8,Deployed,Peacetime,CONUS,0,0,3294,1963,422,5679,323,FAIL,20.9,33,30,M249 SAW,17,MARKSMAN,BA/BS Degree,TS/SCI,NO,NO,NO,M1126 Stryker,Bronze Star Medal,None,Highly Qualified,2023-07-17,Medical Hold,YES,1420,Retained
US-0494,King,Jason,M,35,IL,2LT,O1,88M,Motor Transport Operator,Logistics,2nd BCT,1-4 AVN,Echo,HQ PLT,2016-08-31,7.8,Active Duty,JRTC Rotation,Fort Johnson,0,0,3637,0,266,3903,537,PASS,14.4,21,57,M240B,26,MARKSMAN,Some College,Top Secret,NO,YES,NO,M2A3 Bradley,Air Assault Badge,None,Outstanding,2017-02-07,Profile,YES,1720,Retained
US-0495,Harris,Elijah,M,33,AL,MAJ,O4,92A,Automated Logistical Specialist,Logistics,3rd BCT,2-12 IN,Alpha,2nd PLT,2008-08-23,15.8,TDY,Peacetime,CONUS,0,0,5696,0,266,5962,513,PASS,19.1,79,33,M9 Pistol,29,MARKSMAN,BA/BS Degree,Top Secret,YES,NO,NO,M2A3 Bradley,Combat Infantry Badge,None,Highly Qualified,2014-06-04,Profile,YES,496,Retained
US-0496,Garcia,Jason,M,20,CA,2LT,O1,92A,Automated Logistical Specialist,Logistics,CAB,2-5 CAV,Alpha,1st PLT,2006-11-06,17.6,TDY,NTC Rotation,Fort Irwin,0,0,3637,0,266,3903,367,PASS,17.1,51,35,M4 Carbine,16,MARKSMAN,Some College,Top Secret,NO,NO,NO,None,Expert Infantryman Badge,None,Qualified,2006-11-16,Medical Hold,YES,-163,ETS Eligible
US-0497,Wilson,James,M,45,WA,SSG,E6,94F,Special Electronic Devices Repairer,Maintenance,CAB,87th BSB,Alpha,3rd PLT,2018-04-23,6.1,Transition,OIR,Iraq/Syria,2,0,2980,2054,422,5456,423,PASS,13.7,49,68,M249 SAW,36,EXPERT,Some College,Secret,NO,YES,NO,M1126 Stryker,None,Army Achievement Medal,Outstanding,2023-09-16,Limited Duty,YES,755,Retained
US-0498,Clark,Travis,M,40,AL,MSG,E8,31B,Military Police,Law Enforcement,3rd BCT,1-4 AVN,Charlie,2nd PLT,2010-05-26,14,TDY,KFOR,Kosovo,4,0,4739,0,422,5161,365,PASS,13.2,57,37,M4 Carbine,30,SHARPSHOOTER,BA/BS Degree,Top Secret,NO,NO,NO,None,Combat Infantry Badge,None,Highly Qualified,2024-06-14,Limited Duty,YES,1761,Retained
US-0499,Robinson,Michael,M,26,CO,PFC,E2,35F,Intelligence Analyst,Intelligence,2nd BCT,3-16 FA,Bravo,3rd PLT,2006-06-26,17.9,Leave,OIF,Iraq,1,0,2149,1316,422,3887,493,PASS,14.1,51,59,M240B,30,SHARPSHOOTER,HS Diploma,Top Secret,NO,YES,NO,M1126 Stryker,Combat Infantry Badge,None,Outstanding,2009-04-28,Limited Duty,YES,-328,ETS Eligible
US-0500,Walker,Kevin,M,26,SC,COL,O6,25U,Signal Support Specialist,Signal,2nd BCT,2-4 AVN,Bravo,4th PLT,2005-11-11,18.6,Deployed,NTC Rotation,Fort Irwin,0,0,7668,818,266,8752,480,PASS,18.5,71,69,M240B,16,MARKSMAN,BA/BS Degree,Secret,NO,NO,NO,FMTV,Army Achievement Medal,None,Qualified,2022-12-13,Profile,YES,-339,ETS Eligible
